pi_time,voltage,test_duration
1682011472.5359478,2.5152017578661456,0.004045248031616211
1682011472.6390805,2.5152017578661456,0.0025289058685302734
1682011472.6437316,2.5153267616809596,0.0033681392669677734
1682011472.6479597,2.5542029480880153,0.0031855106353759766
1682011472.6522384,2.683206884975738,0.0028870105743408203
1682011472.6563168,2.7920852076784572,0.002714395523071289
1682011472.661188,2.924964262825404,0.0029408931732177734
1682011472.6662421,2.8330864589373457,0.0034618377685546875
1682011472.6713438,2.7954603106784264,0.003571748733520508
1682011472.6765535,2.6955822626422927,0.003625631332397461
1682011472.681956,2.7179579454939424,0.003703594207763672
1682011472.6870005,2.7408336436048466,0.0035707950592041016
1682011472.6915295,2.8833379924924465,0.003056049346923828
1682011472.6962614,2.859837275307474,0.0034999847412109375
1682011472.7010736,2.9330895107882933,0.003287792205810547
1682011472.7060494,2.8913382366405225,0.0027942657470703125
1682011472.7109663,2.876212775048067,0.0034394264221191406
1682011472.7155018,2.8572121951963867,0.0031065940856933594
1682011472.7196853,2.8769627979369488,0.0029282569885253906
1682011472.7242222,2.895088351084933,0.003203868865966797
1682011472.728728,2.8645874202703943,0.003124713897705078
1682011472.7328703,2.821211096530045,0.0028696060180664062
1682011472.7382793,2.8219611194189276,0.0034139156341552734
1682011472.7432382,2.84646186712241,0.003514528274536133
1682011472.747897,2.917589037751396,0.003253936767578125
1682011472.7519667,2.875712759788812,0.002759695053100586
1682011472.7565017,2.7994604327524644,0.003032684326171875
1682011472.7611434,2.8619623401593066,0.0031774044036865234
1682011472.7654128,3.0070917691579946,0.002938985824584961
1682011472.7703187,2.9844660786767174,0.0033349990844726562
1682011472.7751155,2.910963835566271,0.0035734176635742188
1682011472.7801893,2.9290893887142553,0.0036177635192871094
1682011472.7850132,2.9092137821588793,0.0035049915313720703
1682011472.7895582,2.817460982085635,0.0031571388244628906
1682011472.7942843,2.8787128513443405,0.003369569778442383
1682011472.7991252,2.905463667714469,0.0034515857696533203
1682011472.8034756,2.9943413800469987,0.002990245819091797
1682011472.8094838,2.9590903042695396,0.0041010379791259766
1682011472.8151748,2.9455898922696617,0.003697633743286133
1682011472.8198903,2.7640843531601917,0.0030968189239501953
1682011472.8246994,2.8749627368999295,0.0027608871459960938
1682011472.829112,2.921714163640248,0.0033082962036132812
1682011472.8335154,2.95809027375103,0.003401041030883789
1682011472.839151,2.947589953306681,0.003866910934448242
1682011472.843466,2.9185890682699056,0.0034148693084716797
1682011472.8483949,2.970215643787957,0.0031387805938720703
1682011472.8533113,2.8275862910855434,0.003171205520629883
1682011472.8592062,2.9213391521958068,0.004151105880737305
1682011472.8651562,2.841961729789117,0.0035865306854248047
1682011472.870429,3.008591814935759,0.003357410430908203
1682011472.8754594,2.9719656971953494,0.004001617431640625
1682011472.8806157,2.908588763084811,0.003716707229614258
1682011472.8843822,2.790960173345134,0.002748727798461914
1682011472.8906279,2.8918382518997774,0.004596710205078125
1682011472.8954864,2.9108388317514575,0.0037109851837158203
1682011472.9005165,2.9773408612323378,0.004002571105957031
1682011472.9053943,2.935464583269753,0.003813505172729492
1682011472.909782,2.931089449751274,0.003323078155517578
1682011472.9139538,2.8014604937894836,0.003143787384033203
1682011472.917977,2.8649624317148352,0.002886056900024414
1682011472.9228902,2.9099638050477616,0.003418445587158203
1682011472.9284308,2.9615903805658133,0.004209995269775391
1682011472.936903,2.9340895413068027,0.0049855709075927734
1682011472.9446676,2.842711752677999,0.005187034606933594
1682011472.9517791,2.8890881679738762,0.005251646041870117
1682011472.9592485,2.9295894039735098,0.0053863525390625
1682011472.9677093,2.9378396557512128,0.005380392074584961
1682011472.9760396,2.842586748863186,0.005775928497314453
1682011472.9841816,2.910088808862575,0.006166696548461914
1682011472.9928782,2.9800909451582385,0.006652116775512695
1682011472.9995883,2.944714865565966,0.004895687103271484
1682011473.0065932,2.786585039826655,0.0039479732513427734
1682011473.013271,2.912463881344035,0.0046041011810302734
1682011473.022075,2.9872161626026186,0.004387855529785156
1682011473.0292406,2.944214850306711,0.0034024715423583984
1682011473.0341763,2.8500869777520066,0.003631591796875
1682011473.0385842,2.806460646382031,0.003278970718383789
1682011473.044112,2.913713919492172,0.003915071487426758
1682011473.0496233,2.954465163121433,0.0035262107849121094
1682011473.0540788,2.973965758232368,0.0029916763305664062
1682011473.0598357,2.9379646595660267,0.003918170928955078
1682011473.0646505,2.8818379467146826,0.0034291744232177734
1682011473.0693712,2.8148359019745475,0.00313568115234375
1682011473.0736854,2.9282143620105594,0.003042936325073242
1682011473.0781007,2.9023385723441266,0.0030257701873779297
1682011473.08304,2.975465804010132,0.003389596939086914
1682011473.0881405,2.9424647968993196,0.003304004669189453
1682011473.0932543,2.880212897122105,0.0025985240936279297
1682011473.0978627,2.785835016937773,0.003323078155517578
1682011473.102372,2.877712820825831,0.0032286643981933594
1682011473.1075203,2.9019635608996857,0.003508329391479492
1682011473.1121008,2.9864661397137366,0.0031850337982177734
1682011473.1170218,2.9282143620105594,0.003363370895385742
1682011473.1221917,2.9737157506027407,0.0029070377349853516
1682011473.1278486,2.8330864589373457,0.0036640167236328125
1682011473.132393,2.8897131870479447,0.002651214599609375
1682011473.1373236,2.9130889004181038,0.0037038326263427734
1682011473.1421423,2.9242142399365214,0.003409862518310547
1682011473.1475258,2.9717156895657215,0.0037794113159179688
1682011473.1526864,2.943714835047456,0.003161191940307617
1682011473.1580403,2.8177109897152626,0.0037648677825927734
1682011473.1633918,2.8714626300851465,0.003031015396118164
1682011473.1683283,2.9052136600848413,0.0036742687225341797
1682011473.1731899,2.972715720084231,0.003614187240600586
1682011473.1781387,2.946964934232612,0.002951383590698242
1682011473.1831694,2.9575902584917753,0.0031235218048095703
1682011473.188627,2.836086550492874,0.003356456756591797
1682011473.1939702,2.8794628742332224,0.0030546188354492188
1682011473.1990938,2.904713644825587,0.0034966468811035156
1682011473.2046318,2.9622153996398817,0.003293275833129883
1682011473.2097855,2.9548401745658746,0.0031321048736572266
1682011473.215428,2.9229642017883846,0.0036280155181884766
1682011473.2215493,2.79183520004883,0.003683328628540039
1682011473.2266624,2.897463423566393,0.0037317276000976562
1682011473.2323163,2.932839503158666,0.0036623477935791016
1682011473.2369804,2.9864661397137366,0.0032172203063964844
1682011473.2418833,2.9397147129734185,0.0034508705139160156
1682011473.2464612,2.94858998382519,0.002994537353515625
1682011473.2510302,2.797585375530259,0.003279447555541992
1682011473.2562675,2.8897131870479447,0.0038559436798095703
1682011473.261649,2.8830879848628195,0.0031218528747558594
1682011473.267047,2.9654654988250373,0.004200935363769531
1682011473.2726374,2.9547151707510606,0.0035665035247802734
1682011473.277393,2.894713339640492,0.003403186798095703
1682011473.282433,2.799710440382092,0.0032224655151367188
1682011473.2871594,2.903588610492264,0.0033130645751953125
1682011473.2926126,2.917589037751396,0.0035440921783447266
1682011473.2973452,2.9924663228247934,0.0031032562255859375
1682011473.302919,2.9283393658253734,0.003223896026611328
1682011473.3080056,2.912088869899594,0.0028963088989257812
1682011473.3133347,2.7882100894192328,0.0033745765686035156
1682011473.318039,2.931589465010529,0.0030443668365478516
1682011473.3237383,2.8925882747886593,0.0037086009979248047
1682011473.3296914,2.975090792565691,0.0035037994384765625
1682011473.3352544,2.943714835047456,0.003413677215576172
1682011473.3406005,2.8315864131595814,0.0027251243591308594
1682011473.3463163,2.8584622333445235,0.003242015838623047
1682011473.3515263,2.899588488418226,0.0032958984375
1682011473.356515,2.9765908383434554,0.002813577651977539
1682011473.3608053,2.9592153080843535,0.0029807090759277344
1682011473.3661108,2.94858998382519,0.003335237503051758
1682011473.372997,2.80508560441908,0.0032274723052978516
1682011473.3776278,2.890963225196081,0.0030651092529296875
1682011473.3824947,2.908713766899625,0.0036487579345703125
1682011473.3873246,2.942714804528947,0.0036063194274902344
1682011473.3920658,2.9603403424176764,0.0032944679260253906
1682011473.397182,2.9369646290475173,0.003685474395751953
1682011473.4023364,2.829711355937376,0.0034940242767333984
1682011473.4076262,2.8438367870113224,0.0036520957946777344
1682011473.4134722,2.9089637745292523,0.0034232139587402344
1682011473.4188504,2.978840907010102,0.0037870407104492188
1682011473.424035,2.9480899685659354,0.0031714439392089844
1682011473.42848,2.961965392010254,0.002916574478149414
1682011473.4333978,2.832461439863277,0.003475189208984375
1682011473.4386601,2.864337412640767,0.0038039684295654297
1682011473.4437466,2.9044636371959593,0.0036470890045166016
1682011473.4487507,2.951465071565905,0.003435373306274414
1682011473.453973,2.952715109714042,0.0031936168670654297
1682011473.4586976,2.956465224158452,0.0034990310668945312
1682011473.46356,2.8347115085299235,0.003572225570678711
1682011473.4685097,2.855462141788995,0.003607511520385742
1682011473.4736614,2.8979634388256477,0.0030493736267089844
1682011473.478541,2.975215796380505,0.0035257339477539062
1682011473.4844174,2.9585902890102846,0.003732442855834961
1682011473.4894032,2.9337145298623617,0.0033533573150634766
1682011473.4945378,2.77658473464156,0.002935647964477539
1682011473.500089,2.8930882900479142,0.0030417442321777344
1682011473.5045788,2.91771404156621,0.0028073787689208984
1682011473.509096,2.987341166417432,0.003185272216796875
1682011473.5141962,2.9329645069734793,0.003700733184814453
1682011473.5184846,2.9494650105288858,0.002897500991821289
1682011473.5238192,2.869462569048128,0.004050016403198242
1682011473.528749,2.830461378826258,0.0037200450897216797
1682011473.5336223,2.8965883968626973,0.0030701160430908203
1682011473.5390573,2.9270893276772365,0.004195690155029297
1682011473.5446568,2.960090334788049,0.003383159637451172
1682011473.5492156,2.9495900143436993,0.003173351287841797
1682011473.5541463,2.8650874355296487,0.0034275054931640625
1682011473.558934,2.8188360240485855,0.0032978057861328125
1682011473.5645273,2.908588763084811,0.0033316612243652344
1682011473.568957,2.943339823603015,0.002825498580932617
1682011473.5740466,2.9734657429731133,0.0035572052001953125
1682011473.578277,2.94383983886227,0.0027031898498535156
1682011473.5829883,2.8967134006775113,0.003197908401489258
1682011473.5888097,2.7954603106784264,0.004018306732177734
1682011473.5939198,2.899088473158971,0.0030732154846191406
1682011473.5989106,2.9357145908993805,0.0034110546112060547
1682011473.6038835,2.991716299935911,0.003393411636352539
1682011473.6090004,2.939464705343791,0.0033376216888427734
1682011473.6138673,2.8479619129001743,0.0028924942016601562
1682011473.6189108,2.802085512863552,0.003618955612182617
1682011473.6236544,2.9154639728995635,0.003736257553100586
1682011473.62848,2.930589434492019,0.0038230419158935547
1682011473.634583,2.9534651326029233,0.003644704818725586
1682011473.6398141,2.9492150028992583,0.0035448074340820312
1682011473.6454685,2.811085787530137,0.003134012222290039
1682011473.650715,2.8812129276406138,0.002606630325317383
1682011473.655552,2.905088656270028,0.0031173229217529297
1682011473.6603312,2.9492150028992583,0.0034673213958740234
1682011473.6655254,2.966715536973174,0.0036497116088867188
1682011473.6710796,2.9369646290475173,0.003355264663696289
1682011473.6764367,2.8753377483443705,0.0036869049072265625
1682011473.681462,2.8220861232337415,0.0035157203674316406
1682011473.687123,2.9112138431958985,0.0033767223358154297
1682011473.6926162,2.9417147740104377,0.0036573410034179688
1682011473.6982255,2.9488399914548173,0.003715991973876953
1682011473.7033427,2.96046534623249,0.003465414047241211
1682011473.7085311,2.7999604480117193,0.003173828125
1682011473.7131767,2.8525870540482803,0.0031838417053222656
1682011473.7181888,2.913338908047731,0.0034608840942382812
1682011473.7234893,2.9370896328623313,0.003703594207763672
1682011473.7287004,2.9678405713064975,0.0034084320068359375
1682011473.735084,2.971090670491653,0.0042231082916259766
1682011473.742955,2.802835535752434,0.005160331726074219
1682011473.7504022,2.88208795434431,0.004631996154785156
1682011473.7574253,3.0035916623432115,0.004407405853271484
1682011473.7654612,2.9464649189733576,0.004419088363647461
1682011473.7730103,2.8022105166783655,0.0044825077056884766
1682011473.7807643,2.899838496047853,0.00474095344543457
1682011473.787109,2.9808409680471204,0.0038042068481445312
1682011473.7957458,2.960965361491745,0.004670858383178711
1682011473.802696,2.8013354899746696,0.004167079925537109
1682011473.8105073,2.9187140720847196,0.00477147102355957
1682011473.8176918,2.967215552232429,0.0044362545013427734
1682011473.8251662,2.952215094454787,0.004255056381225586
1682011473.8326774,2.798835413678396,0.00470733642578125
1682011473.8389752,2.894963347270119,0.003611326217651367
1682011473.8480296,2.9843410748619035,0.005232572555541992
1682011473.8540323,2.943589831232643,0.0034530162811279297
1682011473.8610542,2.8442117984557633,0.003917217254638672
1682011473.8678215,2.9213391521958068,0.004359722137451172
1682011473.8748565,2.8803379009369183,0.0042421817779541016
1682011473.8821619,2.9665905331583606,0.004465341567993164
1682011473.8887496,2.8799628894924774,0.004271745681762695
1682011473.8979845,2.8474618976409194,0.005937814712524414
1682011473.904821,2.9484649800103764,0.0041582584381103516
1682011473.9123588,2.9362146061586354,0.004544973373413086
1682011473.9202654,2.9622153996398817,0.0055277347564697266
1682011473.926366,2.8232111575670644,0.0038328170776367188
1682011473.933035,2.9008385265663623,0.004157066345214844
1682011473.9392164,2.9784658955656607,0.0038843154907226562
1682011473.9479196,2.9463399151585437,0.005164146423339844
1682011473.9560637,2.790585161900693,0.005561113357543945
1682011473.9619334,2.898963469344157,0.0037708282470703125
1682011473.97035,2.9793409222693565,0.005449056625366211
1682011473.9762452,2.9337145298623617,0.003666400909423828
1682011473.9831705,2.8813379314554277,0.004252910614013672
1682011473.9911625,2.92246418652913,0.004537820816040039
1682011473.9976046,2.907838740195929,0.0042133331298828125
1682011474.006434,2.94858998382519,0.0039479732513427734
1682011474.0133955,2.8012104861598557,0.003905773162841797
1682011474.0213056,2.939964720603046,0.004423618316650391
1682011474.0278463,2.905463667714469,0.004299163818359375
1682011474.0352826,2.97709085360271,0.005067348480224609
1682011474.0419657,2.8584622333445235,0.004115581512451172
1682011474.0500941,2.9552151860103155,0.00477290153503418
1682011474.0558949,2.947964964751122,0.003704071044921875
1682011474.0632415,2.870087588122196,0.004486799240112305
1682011474.070648,2.9454648884548478,0.004177093505859375
1682011474.0760403,2.8572121951963867,0.003825664520263672
1682011474.0825603,2.9507150486770226,0.004287242889404297
1682011474.0887544,2.9290893887142553,0.004173994064331055
1682011474.0955272,2.917589037751396,0.00457453727722168
1682011474.1024148,2.9495900143436993,0.004520893096923828
1682011474.109453,2.859837275307474,0.004460811614990234
1682011474.1169684,2.9318394726401564,0.00482177734375
1682011474.1229331,2.937464644306772,0.004071950912475586
1682011474.1291068,2.9022135685293127,0.0041599273681640625
1682011474.1384978,2.9417147740104377,0.0072443485260009766
1682011474.1476734,2.9432148197882015,0.0049059391021728516
1682011474.1540754,2.8932132938627277,0.004483222961425781
1682011474.1605954,2.9325894955290384,0.0038328170776367188
1682011474.1695971,2.939589709158605,0.005518913269042969
1682011474.1754093,2.871712637714774,0.003737211227416992
1682011474.1820812,2.922839197973571,0.0035970211029052734
1682011474.188158,2.9110888393810845,0.0038809776306152344
1682011474.1955304,2.934964568010498,0.005890369415283203
1682011474.2012062,2.9238392284920804,0.0042307376861572266
1682011474.2089012,2.868212530899991,0.004943370819091797
1682011474.2142634,2.9323394878994113,0.0038628578186035156
1682011474.2204802,2.9067137058626056,0.004107236862182617
1682011474.2268832,2.925839289529099,0.003641366958618164
1682011474.2332416,2.9383396710104677,0.0037946701049804688
1682011474.2395086,2.887213110751671,0.004496574401855469
1682011474.245441,2.9138389233069857,0.0045092105865478516
1682011474.2524755,2.9005885189367353,0.005010366439819336
1682011474.2585428,2.9333395184179207,0.0038683414459228516
1682011474.2644494,2.918339060640278,0.0038890838623046875
1682011474.2704902,2.913713919492172,0.003519773483276367
1682011474.2776248,2.903963621936705,0.003539562225341797
1682011474.2835412,2.907463728751488,0.003884553909301758
1682011474.2897305,2.9365896176030764,0.0035779476165771484
1682011474.295778,2.911338847010712,0.004631757736206055
1682011474.3012064,2.9423397930845057,0.003587007522583008
1682011474.3088303,2.8874631183812984,0.004925727844238281
1682011474.3164847,2.8984634540849026,0.004575252532958984
1682011474.3222883,2.9339645374919887,0.004075288772583008
1682011474.3296144,2.9149639576403086,0.004443168640136719
1682011474.3353772,2.931089449751274,0.0038208961486816406
1682011474.3428388,2.891963255714591,0.005364418029785156
1682011474.348493,2.9027135837885676,0.0038716793060302734
1682011474.3568637,2.9335895260475477,0.004651784896850586
1682011474.3626723,2.9155889767143774,0.004236459732055664
1682011474.3710618,2.9155889767143774,0.00461125373840332
1682011474.379459,2.9062136906033507,0.0055234432220458984
1682011474.3872273,2.9170890224921417,0.005029916763305664
1682011474.3929925,2.912713888973663,0.003973245620727539
1682011474.401166,2.9388396862697226,0.00613093376159668
1682011474.4078255,2.9059636829737236,0.0043866634368896484
1682011474.4147718,2.895588366344188,0.0039370059967041016
1682011474.4201543,2.9172140263069553,0.003787517547607422
1682011474.4256194,2.9187140720847196,0.0040552616119384766
1682011474.4311354,2.9314644611957155,0.003650188446044922
1682011474.4392624,2.9250892666402177,0.005172014236450195
1682011474.4451454,2.9110888393810845,0.004122495651245117
1682011474.4515426,2.905088656270028,0.003551006317138672
1682011474.458923,2.9174640339365827,0.004491567611694336
1682011474.4650965,2.9339645374919887,0.0038933753967285156
1682011474.4719129,2.918089053010651,0.004894733428955078
1682011474.4790275,2.903838618121891,0.004082202911376953
1682011474.4849944,2.9052136600848413,0.0035521984100341797
1682011474.4908679,2.9170890224921417,0.003892660140991211
1682011474.4969785,2.9280893581957455,0.004391908645629883
1682011474.504525,2.926839320047609,0.004338264465332031
1682011474.5101335,2.912338877529222,0.0038695335388183594
1682011474.5172338,2.890963225196081,0.005475759506225586
1682011474.5244265,2.924464247566149,0.005536794662475586
1682011474.5309036,2.9233392132328255,0.004718303680419922
1682011474.5383909,2.921714163640248,0.00497126579284668
1682011474.5448012,2.910088808862575,0.004498481750488281
1682011474.5514314,2.887213110751671,0.004938364028930664
1682011474.5576775,2.9142139347514266,0.004530429840087891
1682011474.564749,2.937464644306772,0.004111051559448242
1682011474.57247,2.9238392284920804,0.005211353302001953
1682011474.5802217,2.8977134311960207,0.00455021858215332
1682011474.5858068,2.909838801232948,0.004122734069824219
1682011474.5919902,2.9132139042329173,0.004257917404174805
1682011474.5984375,2.9320894802697834,0.004052877426147461
1682011474.6068633,2.9178390453810232,0.0051076412200927734
1682011474.6132014,2.894713339640492,0.004133462905883789
1682011474.6193762,2.9145889461958676,0.0035085678100585938
1682011474.6277401,2.9092137821588793,0.004477262496948242
1682011474.6355119,2.9300894192327647,0.0052182674407958984
1682011474.6419878,2.9330895107882933,0.004334211349487305
1682011474.6485567,2.8920882595294044,0.004277706146240234
1682011474.655026,2.9062136906033507,0.004166364669799805
1682011474.6645558,2.91771404156621,0.003988981246948242
1682011474.671288,2.926464308603168,0.00443720817565918
1682011474.6788945,2.9148389538254955,0.005613088607788086
1682011474.6844473,2.8930882900479142,0.003843069076538086
1682011474.6921048,2.920589129306925,0.00447392463684082
1682011474.698285,2.9199641102328564,0.004525899887084961
1682011474.7055259,2.9282143620105594,0.004590272903442383
1682011474.7122355,2.913338908047731,0.0039365291595458984
1682011474.7176836,2.899963499862667,0.0039119720458984375
1682011474.72334,2.899463484603412,0.003600597381591797
1682011474.7290592,2.925214270455031,0.003587484359741211
1682011474.735259,2.9198391064180425,0.004270792007446289
1682011474.7423234,2.9285893734550004,0.004778623580932617
1682011474.7494166,2.9013385418256172,0.005563020706176758
1682011474.7548661,2.905463667714469,0.003840208053588867
1682011474.7623875,2.912588885158849,0.004494905471801758
1682011474.767613,2.925214270455031,0.003626585006713867
1682011474.774998,2.930214423047578,0.004759550094604492
1682011474.780941,2.902963591418195,0.0038220882415771484
1682011474.788712,2.8973384197515792,0.004716634750366211
1682011474.793792,2.9195890987884154,0.003570556640625
1682011474.801222,2.910963835566271,0.00482487678527832
1682011474.8071804,2.938214667195654,0.003942728042602539
1682011474.8135688,2.9005885189367353,0.0039064884185791016
1682011474.8187397,2.8973384197515792,0.0035881996154785156
1682011474.8267727,2.9019635608996857,0.006092071533203125
1682011474.832714,2.919714102603229,0.004480838775634766
1682011474.8391654,2.930589434492019,0.004450082778930664
1682011474.8477304,2.9213391521958068,0.0059506893157958984
1682011474.8537574,2.899338480788598,0.004536628723144531
1682011474.8602784,2.903963621936705,0.0049114227294921875
1682011474.866541,2.9182140568254646,0.004715919494628906
1682011474.8725226,2.9250892666402177,0.003834962844848633
1682011474.8792403,2.9225891903439436,0.004654407501220703
1682011474.8845742,2.899963499862667,0.003785371780395508
1682011474.8917499,2.9062136906033507,0.004359722137451172
1682011474.8976533,2.908338755455184,0.003954887390136719
1682011474.9033537,2.93433954893643,0.003594636917114258
1682011474.909226,2.926839320047609,0.0043032169342041016
1682011474.9174883,2.9178390453810232,0.005707740783691406
1682011474.925875,2.895213354899747,0.0063359737396240234
1682011474.9319074,2.914088930936613,0.004117488861083984
1682011474.9398944,2.9212141483809932,0.0045888423919677734
1682011474.9464,2.9247142551957763,0.004164934158325195
1682011474.9546623,2.8940883205664236,0.004850625991821289
1682011474.962487,2.9075887325663015,0.004984855651855469
1682011474.9713604,2.918464064455092,0.006263017654418945
1682011474.9787202,2.9279643543809324,0.003806591033935547
1682011474.9851277,2.9189640797143466,0.004375457763671875
1682011474.99139,2.8984634540849026,0.003405332565307617
1682011474.9978297,2.922089175084689,0.003802776336669922
1682011475.005139,2.9174640339365827,0.004139423370361328
1682011475.0127745,2.933214514603107,0.005437135696411133
1682011475.0192354,2.916464003418073,0.004153728485107422
1682011475.0261407,2.886338084047975,0.0044667720794677734
1682011475.0332928,2.9172140263069553,0.004190921783447266
1682011475.0410295,2.9329645069734793,0.0052645206451416016
1682011475.0476704,2.9282143620105594,0.004282474517822266
1682011475.0560813,2.898963469344157,0.004178285598754883
1682011475.0637136,2.9059636829737236,0.004699230194091797
1682011475.0718489,2.911713858455153,0.004459857940673828
1682011475.0788763,2.935589587084567,0.004656076431274414
1682011475.0873494,2.9190890835291605,0.00478053092956543
1682011475.0942414,2.8892131717886897,0.004455089569091797
1682011475.1017587,2.914463942381054,0.0046575069427490234
1682011475.108204,2.93433954893643,0.0039064884185791016
1682011475.1164565,2.930214423047578,0.0047380924224853516
1682011475.123749,2.899463484603412,0.0038614273071289062
1682011475.1321225,2.9070887173070465,0.004866361618041992
1682011475.1383657,2.9195890987884154,0.0038459300994873047
1682011475.1463478,2.93433954893643,0.0046215057373046875
1682011475.153432,2.9045886410107733,0.004507303237915039
1682011475.160655,2.894838343455306,0.004305839538574219
1682011475.1676726,2.918464064455092,0.004845619201660156
1682011475.1759052,2.92721433149205,0.004735231399536133
1682011475.1823788,2.92721433149205,0.004168272018432617
1682011475.1901498,2.920464125492111,0.005321979522705078
1682011475.1970062,2.9009635303811763,0.0042266845703125
1682011475.2047257,2.9193390911587875,0.005427122116088867
1682011475.2123075,2.92246418652913,0.004138946533203125
1682011475.2182806,2.924589251380963,0.0037674903869628906
1682011475.2256825,2.897838435010834,0.0038475990295410156
1682011475.232986,2.909713797418134,0.0041501522064208984
1682011475.2407076,2.916464003418073,0.003902912139892578
1682011475.2474508,2.926839320047609,0.004435539245605469
1682011475.2549706,2.915713980529191,0.0052187442779541016
1682011475.2615266,2.8940883205664236,0.004176139831542969
1682011475.2680466,2.91633899960326,0.003752470016479492
1682011475.2757368,2.9090887783440658,0.004133462905883789
1682011475.2826836,2.9388396862697226,0.004392862319946289
1682011475.289639,2.920964140751366,0.004473447799682617
1682011475.296598,2.886588091677602,0.003871917724609375
1682011475.3029509,2.9242142399365214,0.0036482810974121094
1682011475.3108687,2.921589159825434,0.004119157791137695
1682011475.318311,2.9230892056031985,0.00491023063659668
1682011475.3251796,2.9239642323068944,0.004748344421386719
1682011475.332655,2.8918382518997774,0.0052356719970703125
1682011475.3385274,2.9159639881588184,0.004305601119995117
1682011475.3448844,2.915838984344005,0.004647970199584961
1682011475.3524978,2.924464247566149,0.004602193832397461
1682011475.3592443,2.915713980529191,0.004487514495849609
1682011475.3667119,2.8964633930478834,0.0040323734283447266
1682011475.3746822,2.9107138279366436,0.005018949508666992
1682011475.3805015,2.9273393353068635,0.0036401748657226562
1682011475.387978,2.934714560380871,0.004122734069824219
1682011475.3954544,2.9040886257515184,0.0051348209381103516
1682011475.402833,2.9053386638996552,0.004735708236694336
1682011475.4098759,2.917589037751396,0.0046234130859375
1682011475.4178104,2.930714438306833,0.004779815673828125
1682011475.4247134,2.9128388927884763,0.004555702209472656
1682011475.4321058,2.890463209936827,0.004370450973510742
1682011475.4382417,2.91633899960326,0.003740549087524414
1682011475.4458406,2.920839136936552,0.005316019058227539
1682011475.4518943,2.9294644001586962,0.0037429332733154297
1682011475.459615,2.917589037751396,0.004042148590087891
1682011475.4666514,2.899463484603412,0.004568338394165039
1682011475.4730527,2.9143389385662406,0.0039272308349609375
1682011475.4802759,2.9065887020477916,0.0040130615234375
1682011475.488227,2.9318394726401564,0.0051267147064208984
1682011475.495801,2.9132139042329173,0.004670858383178711
1682011475.5020807,2.8874631183812984,0.004404544830322266
1682011475.5102546,2.9147139500106816,0.005403995513916016
1682011475.5171509,2.934839564195685,0.004258871078491211
1682011475.525082,2.931589465010529,0.005173444747924805
1682011475.5321956,2.894713339640492,0.004056453704833984
1682011475.539539,2.90583867915891,0.004384040832519531
1682011475.5467649,2.922839197973571,0.0038022994995117188
1682011475.555442,2.929839411603137,0.004206657409667969
1682011475.5631013,2.9027135837885676,0.005286216735839844
1682011475.5694873,2.8964633930478834,0.004643440246582031
1682011475.576202,2.912088869899594,0.005127906799316406
1682011475.5852516,2.9279643543809324,0.004936695098876953
1682011475.5912607,2.9335895260475477,0.0038416385650634766
1682011475.5995467,2.9027135837885676,0.005017280578613281
1682011475.6054828,2.901463545640431,0.004094600677490234
1682011475.6126082,2.917964049195837,0.004601001739501953
1682011475.619983,2.9194640949736015,0.005610942840576172
1682011475.628294,2.924589251380963,0.005955696105957031
1682011475.6359284,2.89871346171453,0.0053369998931884766
1682011475.6418755,2.9134639118625447,0.0035228729248046875
1682011475.6480694,2.920589129306925,0.0040493011474609375
1682011475.6542354,2.9282143620105594,0.0040340423583984375
1682011475.6596324,2.925964293343913,0.003605365753173828
1682011475.6656816,2.92008911404767,0.004522800445556641
1682011475.6711037,2.8860880764183476,0.0034148693084716797
1682011475.677039,2.9195890987884154,0.003930568695068359
1682011475.6845136,2.9099638050477616,0.00517582893371582
1682011475.690206,2.9375896481215857,0.0040819644927978516
1682011475.6958237,2.9148389538254955,0.003854513168334961
1682011475.701692,2.904338633381146,0.0037889480590820312
1682011475.7075136,2.902963591418195,0.0038604736328125
1682011475.7139425,2.916464003418073,0.003943920135498047
1682011475.7204669,2.9295894039735098,0.004608869552612305
1682011475.7255993,2.92483925901059,0.0036230087280273438
1682011475.7318285,2.913963927121799,0.004193782806396484
1682011475.740342,2.894588335825678,0.005702972412109375
1682011475.7458587,2.926089297158727,0.004069089889526367
1682011475.7524707,2.907838740195929,0.003648996353149414
1682011475.760115,2.934214545121616,0.005057096481323242
1682011475.7656958,2.912088869899594,0.003812551498413086
1682011475.7739284,2.8834629963072604,0.004231929779052734
1682011475.7808301,2.923214209418012,0.00501251220703125
1682011475.7866888,2.9095887936033202,0.004453420639038086
1682011475.7941005,2.9274643391216775,0.004354715347290039
1682011475.8026903,2.9214641560106207,0.00539398193359375
1682011475.8090017,2.903588610492264,0.003679513931274414
1682011475.8161502,2.918339060640278,0.004416465759277344
1682011475.8239288,2.933464522232734,0.00484776496887207
1682011475.8314238,2.919714102603229,0.004999637603759766
1682011475.8376741,2.900338511307108,0.003961086273193359
1682011475.8459666,2.911463850825526,0.004338979721069336
1682011475.8535388,2.917589037751396,0.00466465950012207
1682011475.8600495,2.932464491714225,0.004009246826171875
1682011475.867747,2.920589129306925,0.0044591426849365234
1682011475.874249,2.8944633320108646,0.0037605762481689453
1682011475.8812718,2.920839136936552,0.0038225650787353516
1682011475.8894024,2.9145889461958676,0.0047152042388916016
1682011475.8958879,2.9234642170476395,0.0038030147552490234
1682011475.9030066,2.915713980529191,0.004263401031494141
1682011475.9113846,2.8913382366405225,0.005227565765380859
1682011475.9198582,2.9099638050477616,0.005539655685424805
1682011475.9260714,2.9270893276772365,0.004021167755126953
1682011475.933807,2.9278393505661184,0.004122257232666016
1682011475.9424334,2.903713614307077,0.005057573318481445
1682011475.9501498,2.9172140263069553,0.005188703536987305
1682011475.9571602,2.914088930936613,0.004462718963623047
1682011475.9652953,2.927589342936491,0.0052490234375
1682011475.972126,2.9084637592699973,0.004395246505737305
1682011475.9792085,2.8979634388256477,0.003858804702758789
1682011475.9850488,2.917589037751396,0.003640890121459961
1682011475.9926934,2.928839381084628,0.0039920806884765625
1682011476.0008953,2.925214270455031,0.005186319351196289
1682011476.0077658,2.899338480788598,0.00437617301940918
1682011476.0173576,2.9104638203070166,0.004598379135131836
1682011476.025861,2.9353395794549395,0.004556179046630859
1682011476.0330853,2.9972164677877133,0.004709720611572266
1682011476.0389984,2.9665905331583606,0.0028057098388671875
1682011476.0442002,2.9333395184179207,0.0031468868255615234
1682011476.0497134,2.8843380230109563,0.0030083656311035156
1682011476.0556514,2.8894631794183177,0.0031337738037109375
1682011476.0622652,2.8877131260109254,0.0038330554962158203
1682011476.0672278,2.9128388927884763,0.0031785964965820312
1682011476.0723288,2.931589465010529,0.0027010440826416016
1682011476.0772607,2.922714194158757,0.0032575130462646484
1682011476.0838995,2.920589129306925,0.0033659934997558594
1682011476.0896246,2.909838801232948,0.0030982494354248047
1682011476.0953188,2.9150889614551225,0.003036975860595703
1682011476.1005428,2.8967134006775113,0.003347158432006836
1682011476.1052809,2.9193390911587875,0.0030341148376464844
1682011476.110433,2.907463728751488,0.003529787063598633
1682011476.1154428,2.9172140263069553,0.003178119659423828
1682011476.121216,2.8937133091219827,0.004109621047973633
1682011476.126077,2.9132139042329173,0.0030629634857177734
1682011476.1303859,2.9187140720847196,0.0028123855590820312
1682011476.13527,2.916213995788446,0.0034101009368896484
1682011476.140811,2.933839533677175,0.0038690567016601562
1682011476.1463094,2.9190890835291605,0.003767728805541992
1682011476.151169,2.9362146061586354,0.002705812454223633
1682011476.155835,2.9015885494552447,0.003228425979614258
1682011476.16099,2.9132139042329173,0.0035860538482666016
1682011476.1669745,2.905088656270028,0.003324747085571289
1682011476.1725953,2.9320894802697834,0.003596067428588867
1682011476.1778562,2.9105888241218296,0.003237009048461914
1682011476.1832364,2.930339426862392,0.003174304962158203
1682011476.1873505,2.912713888973663,0.0025916099548339844
1682011476.1919286,2.911463850825526,0.0030984878540039062
1682011476.1974516,2.893463301492355,0.00363922119140625
1682011476.2024434,2.90583867915891,0.002890348434448242
1682011476.2074063,2.9130889004181038,0.0034384727478027344
1682011476.2119987,2.9138389233069857,0.0032165050506591797
1682011476.2157345,2.929214392529069,0.0027823448181152344
1682011476.2203593,2.917964049195837,0.0030388832092285156
1682011476.224671,2.929839411603137,0.002997159957885742
1682011476.2294548,2.921589159825434,0.003414630889892578
1682011476.2343876,2.9052136600848413,0.0035431385040283203
1682011476.2382681,2.9022135685293127,0.002701997756958008
1682011476.2429185,2.9040886257515184,0.0034258365631103516
1682011476.2474668,2.9314644611957155,0.0034329891204833984
1682011476.2515745,2.9280893581957455,0.0029675960540771484
1682011476.2559195,2.9273393353068635,0.0032167434692382812
1682011476.2602425,2.9313394573809015,0.003123044967651367
1682011476.2648008,2.916464003418073,0.003214597702026367
1682011476.269098,2.914088930936613,0.0031921863555908203
1682011476.2738054,2.8958383739738154,0.003640413284301758
1682011476.278584,2.894588335825678,0.0037488937377929688
1682011476.283038,2.918839075899533,0.003490447998046875
1682011476.287247,2.911713858455153,0.0030317306518554688
1682011476.2917395,2.930839442121647,0.003204345703125
1682011476.2960775,2.928464369640187,0.003233194351196289
1682011476.3003259,2.929964415417951,0.0029625892639160156
1682011476.3052611,2.9317144688253425,0.0035181045532226562
1682011476.3090363,2.9084637592699973,0.002667665481567383
1682011476.3130605,2.909713797418134,0.0028188228607177734
1682011476.317709,2.895463362529374,0.003335237503051758
1682011476.3224754,2.9142139347514266,0.0036683082580566406
1682011476.3269007,2.9199641102328564,0.0032629966735839844
1682011476.3315663,2.91633899960326,0.003389120101928711
1682011476.3362608,2.92721433149205,0.003293752670288086
1682011476.340743,2.9130889004181038,0.0033655166625976562
1682011476.3448882,2.91533896908475,0.0031282901763916016
1682011476.3489523,2.9024635761589406,0.002825021743774414
1682011476.3535185,2.8967134006775113,0.0033447742462158203
1682011476.3578806,2.916714011047701,0.003227710723876953
1682011476.3627253,2.920589129306925,0.003681659698486328
1682011476.3676493,2.933464522232734,0.003824472427368164
1682011476.3715749,2.930214423047578,0.002787351608276367
1682011476.375962,2.9280893581957455,0.0028259754180908203
1682011476.38116,2.9363396099734493,0.003049612045288086
1682011476.3891957,2.903588610492264,0.004551887512207031
1682011476.393758,2.898963469344157,0.0033550262451171875
1682011476.4001725,2.9297144077883237,0.003392934799194336
1682011476.40561,2.9277143467513045,0.0036737918853759766
1682011476.4121282,2.9279643543809324,0.003220081329345703
1682011476.4169345,2.922339182714316,0.0032579898834228516
1682011476.4236372,2.9130889004181038,0.003429889678955078
1682011476.428508,2.894963347270119,0.0033190250396728516
1682011476.4333222,2.907713736381115,0.0032100677490234375
1682011476.4392219,2.920464125492111,0.003502368927001953
1682011476.444983,2.9313394573809015,0.0033731460571289062
1682011476.4511113,2.922089175084689,0.003663301467895508
1682011476.4577427,2.934964568010498,0.003689289093017578
1682011476.4630647,2.9099638050477616,0.0035974979400634766
1682011476.4688315,2.9063386944181646,0.0029926300048828125
1682011476.4741423,2.9089637745292523,0.0032258033752441406
1682011476.481933,2.9300894192327647,0.0036878585815429688
1682011476.4867256,2.929839411603137,0.0033500194549560547
1682011476.49141,2.9353395794549395,0.0033881664276123047
1682011476.496524,2.918464064455092,0.0037384033203125
1682011476.5017588,2.9145889461958676,0.0038247108459472656
1682011476.505835,2.8960883816034424,0.0028269290924072266
1682011476.5142918,2.918839075899533,0.006757259368896484
1682011476.5196843,2.9193390911587875,0.003756284713745117
1682011476.5249503,2.9367146214178903,0.003390073776245117
1682011476.5299814,2.9269643238624226,0.0035333633422851562
1682011476.5348687,2.938964690084536,0.0032491683959960938
1682011476.5402944,2.90583867915891,0.0037508010864257812
1682011476.544575,2.904713644825587,0.0025718212127685547
1682011476.5496993,2.907963744010743,0.003638744354248047
1682011476.554158,2.9317144688253425,0.003342151641845703
1682011476.5591419,2.9242142399365214,0.0033943653106689453
1682011476.5634117,2.922714194158757,0.003216981887817383
1682011476.5686378,2.9337145298623617,0.0030744075775146484
1682011476.5735114,2.918839075899533,0.0033218860626220703
1682011476.5789368,2.918464064455092,0.0037941932678222656
1682011476.5841439,2.8897131870479447,0.003387928009033203
1682011476.5899236,2.9207141331217388,0.003628253936767578
1682011476.5950162,2.906963713492233,0.0033130645751953125
1682011476.600027,2.9300894192327647,0.0032591819763183594
1682011476.603673,2.9198391064180425,0.0026984214782714844
1682011476.6091385,2.9243392437513354,0.0033071041107177734
1682011476.6139917,2.9148389538254955,0.003399372100830078
1682011476.6182508,2.890963225196081,0.0030205249786376953
1682011476.622914,2.9027135837885676,0.003009796142578125
1682011476.6274717,2.9028385876033815,0.003651857376098633
1682011476.6321561,2.9270893276772365,0.0036165714263916016
1682011476.6366062,2.9250892666402177,0.003448009490966797
1682011476.6411355,2.92621430097354,0.003320932388305664
1682011476.6452382,2.935089571825312,0.0031642913818359375
1682011476.6494403,2.914088930936613,0.0030367374420166016
1682011476.6545115,2.916464003418073,0.0031938552856445312
1682011476.659106,2.8957133701590014,0.0032873153686523438
1682011476.665939,2.90821375164037,0.0055692195892333984
1682011476.6708026,2.911338847010712,0.0031294822692871094
1682011476.6761343,2.9297144077883237,0.0036199092864990234
1682011476.6817029,2.913963927121799,0.0030159950256347656
1682011476.6862504,2.9234642170476395,0.0036077499389648438
1682011476.6906753,2.9115888546403395,0.003191709518432617
1682011476.6953137,2.894713339640492,0.0033996105194091797
1682011476.7001216,2.9012135380108037,0.0038611888885498047
1682011476.7040353,2.903338602862636,0.0029609203338623047
1682011476.7087853,2.9294644001586962,0.003201007843017578
1682011476.7142885,2.9203391216772974,0.004283905029296875
1682011476.719724,2.924589251380963,0.0033419132232666016
1682011476.725181,2.9108388317514575,0.003427267074584961
1682011476.7298925,2.9065887020477916,0.0033812522888183594
1682011476.7341604,2.894338328196051,0.0031981468200683594
1682011476.7388854,2.894838343455306,0.0032808780670166016
1682011476.7447977,2.9190890835291605,0.004733085632324219
1682011476.751522,2.932464491714225,0.0043256282806396484
1682011476.758422,2.9210891445661797,0.004701137542724609
1682011476.7643044,2.9344645527512436,0.003990888595581055
1682011476.7706406,2.905088656270028,0.0037910938262939453
1682011476.7779796,2.8977134311960207,0.004694461822509766
1682011476.785872,2.926339304788354,0.005723476409912109
1682011476.7925415,2.911713858455153,0.003723621368408203
1682011476.7999055,2.9274643391216775,0.0035991668701171875
1682011476.8057988,2.9132139042329173,0.004301786422729492
1682011476.8120024,2.8933382976775417,0.004235029220581055
1682011476.8187597,2.9174640339365827,0.003895998001098633
1682011476.8246691,2.9170890224921417,0.004219770431518555
1682011476.83207,2.9309644459364605,0.00478672981262207
1682011476.838791,2.9279643543809324,0.003881216049194336
1682011476.8453054,2.90821375164037,0.0043811798095703125
1682011476.852063,2.9089637745292523,0.003812551498413086
1682011476.858698,2.90583867915891,0.0037925243377685547
1682011476.8649209,2.92621430097354,0.003989219665527344
1682011476.8717415,2.924589251380963,0.004050493240356445
1682011476.8802269,2.91633899960326,0.004525423049926758
1682011476.8858092,2.9168390148625143,0.004099130630493164
1682011476.892642,2.890338206122013,0.003960609436035156
1682011476.8999808,2.920589129306925,0.004540443420410156
1682011476.9061975,2.929214392529069,0.004552602767944336
1682011476.9139457,2.9178390453810232,0.005174160003662109
1682011476.9222944,2.934714560380871,0.0068094730377197266
1682011476.9291985,2.907713736381115,0.004968404769897461
1682011476.935588,2.9067137058626056,0.0048100948333740234
1682011476.9443035,2.926839320047609,0.005853176116943359
1682011476.9504259,2.9279643543809324,0.00464630126953125
1682011476.9576616,2.9115888546403395,0.005217552185058594
1682011476.964244,2.909713797418134,0.00485992431640625
1682011476.9705153,2.8980884426404616,0.004470348358154297
1682011476.977714,2.9152139652699365,0.004971981048583984
1682011476.9853094,2.9319644764549704,0.004564523696899414
1682011476.9920166,2.931089449751274,0.004109621047973633
1682011476.999291,2.9103388164922026,0.005079507827758789
1682011477.0066893,2.913338908047731,0.005123138427734375
1682011477.013304,2.911838862269967,0.004129886627197266
1682011477.0211203,2.922714194158757,0.00505375862121582
1682011477.0277045,2.924464247566149,0.004273891448974609
1682011477.0345232,2.9203391216772974,0.004548788070678711
1682011477.041,2.894713339640492,0.003904581069946289
1682011477.0484447,2.912088869899594,0.0041046142578125
1682011477.056238,2.9135889156773582,0.005107402801513672
1682011477.0629394,2.9357145908993805,0.004191160202026367
1682011477.071088,2.9265893124179816,0.004683494567871094
1682011477.0770664,2.9112138431958985,0.0038177967071533203
1682011477.0849493,2.9028385876033815,0.0050792694091796875
1682011477.092395,2.927589342936491,0.0051882266998291016
1682011477.099893,2.914463942381054,0.005107879638671875
1682011477.1074038,2.9285893734550004,0.0054531097412109375
1682011477.1135168,2.909838801232948,0.0037047863006591797
1682011477.1216276,2.8980884426404616,0.00487065315246582
1682011477.1277235,2.916088991973632,0.0037338733673095703
1682011477.1369183,2.9323394878994113,0.00560760498046875
1682011477.145114,2.920839136936552,0.005715847015380859
1682011477.1513476,2.917589037751396,0.00429844856262207
1682011477.1586583,2.912713888973663,0.003947734832763672
1682011477.1665666,2.908713766899625,0.0047795772552490234
1682011477.1737914,2.9287143772698143,0.004862308502197266
1682011477.1813514,2.9239642323068944,0.004151344299316406
1682011477.187504,2.9214641560106207,0.0038733482360839844
1682011477.1959352,2.89633838923307,0.004778146743774414
1682011477.2020805,2.9225891903439436,0.0035338401794433594
1682011477.2098105,2.916464003418073,0.004308223724365234
1682011477.2176492,2.9329645069734793,0.005381584167480469
1682011477.223637,2.9280893581957455,0.003631114959716797
1682011477.2302415,2.907338724936674,0.003732442855834961
1682011477.2365808,2.9015885494552447,0.004030466079711914
1682011477.2425983,2.9103388164922026,0.003568887710571289
1682011477.2503345,2.926839320047609,0.004700422286987305
1682011477.2565942,2.926339304788354,0.004110574722290039
1682011477.2650585,2.9243392437513354,0.004231691360473633
1682011477.2720873,2.898213446455275,0.004476785659790039
1682011477.2782147,2.9105888241218296,0.004006862640380859
1682011477.2857907,2.9148389538254955,0.004603385925292969
1682011477.2936397,2.9353395794549395,0.004935503005981445
1682011477.2994573,2.92483925901059,0.004194974899291992
1682011477.3057544,2.909838801232948,0.003916740417480469
1682011477.3129478,2.9062136906033507,0.004187345504760742
1682011477.3203764,2.9084637592699973,0.004397392272949219
1682011477.3275816,2.9278393505661184,0.0045049190521240234
1682011477.3356788,2.922714194158757,0.004702329635620117
1682011477.3441303,2.912088869899594,0.005670070648193359
1682011477.3506517,2.9005885189367353,0.003802061080932617
1682011477.3570995,2.917589037751396,0.0046765804290771484
1682011477.3661604,2.928839381084628,0.0057260990142822266
1682011477.3744988,2.919714102603229,0.005706310272216797
1682011477.3808794,2.920214117862484,0.003905057907104492
1682011477.3880694,2.8968384044923243,0.005301475524902344
1682011477.397324,2.9092137821588793,0.006316423416137695
1682011477.403022,2.925964293343913,0.004258394241333008
1682011477.4097993,2.9269643238624226,0.0040471553802490234
1682011477.4163272,2.9150889614551225,0.003941774368286133
1682011477.4232779,2.912713888973663,0.00385284423828125
1682011477.4298384,2.8933382976775417,0.004798412322998047
1682011477.4369035,2.919714102603229,0.004250288009643555
1682011477.4444506,2.9282143620105594,0.004234790802001953
1682011477.4525867,2.925214270455031,0.005953073501586914
1682011477.4599767,2.903838618121891,0.005568981170654297
1682011477.4661,2.90821375164037,0.004141330718994141
1682011477.47479,2.9155889767143774,0.005140781402587891
1682011477.4824362,2.917964049195837,0.005038738250732422
1682011477.4888122,2.925839289529099,0.0040531158447265625
1682011477.498051,2.913963927121799,0.005509614944458008
1682011477.5048022,2.894338328196051,0.00429987907409668
1682011477.5135505,2.91633899960326,0.006315469741821289
1682011477.522309,2.9318394726401564,0.006509065628051758
1682011477.529606,2.930214423047578,0.0047419071197509766
1682011477.5380025,2.9060886867885376,0.004968881607055664
1682011477.5473182,2.9070887173070465,0.0045664310455322266
1682011477.5566182,2.9233392132328255,0.005160093307495117
1682011477.5645082,2.9230892056031985,0.005618095397949219
1682011477.573184,2.919714102603229,0.005774259567260742
1682011477.5801845,2.8930882900479142,0.005187273025512695
1682011477.5895584,2.9203391216772974,0.00664973258972168
1682011477.5979483,2.9320894802697834,0.004835367202758789
1682011477.6124923,2.908713766899625,0.003561735153198242
1682011477.6208363,2.9142139347514266,0.005096435546875
1682011477.628148,2.9242142399365214,0.004350423812866211
1682011477.6427257,2.931214453566088,0.005383491516113281
1682011477.6487687,2.9130889004181038,0.0036649703979492188
1682011477.6540213,2.909338785973693,0.0037500858306884766
1682011477.658639,2.891963255714591,0.0029091835021972656
1682011477.6632318,2.9233392132328255,0.003468036651611328
1682011477.666923,2.915713980529191,0.0025856494903564453
1682011477.673308,2.9333395184179207,0.005155801773071289
1682011477.6780407,2.9254642780846587,0.003676176071166992
1682011477.6834886,2.9278393505661184,0.00426936149597168
1682011477.688449,2.9112138431958985,0.0032956600189208984
1682011477.693716,2.899088473158971,0.0034105777740478516
1682011477.6986198,2.8962133854182563,0.003438711166381836
1682011477.703861,2.915838984344005,0.0037088394165039062
1682011477.708927,2.9235892208624534,0.0036191940307617188
1682011477.7132437,2.9214641560106207,0.0031774044036865234
1682011477.7179282,2.9279643543809324,0.0036046504974365234
1682011477.7221515,2.916213995788446,0.003070831298828125
1682011477.7267685,2.911713858455153,0.003279447555541992
1682011477.7318769,2.8984634540849026,0.003894329071044922
1682011477.7372444,2.9005885189367353,0.0034644603729248047
1682011477.7419596,2.9155889767143774,0.003654003143310547
1682011477.746783,2.9159639881588184,0.0037317276000976562
1682011477.7514882,2.9309644459364605,0.003625154495239258
1682011477.7561228,2.9212141483809932,0.003313302993774414
1682011477.760723,2.92721433149205,0.003308534622192383
1682011477.765344,2.908588763084811,0.0031812191009521484
1682011477.770137,2.90108853419599,0.0037217140197753906
1682011477.7750294,2.9019635608996857,0.00374603271484375
1682011477.780104,2.915838984344005,0.003184080123901367
1682011477.7854962,2.92721433149205,0.003386974334716797
1682011477.7908015,2.915713980529191,0.004114866256713867
1682011477.7959454,2.930589434492019,0.0031418800354003906
1682011477.8013961,2.9207141331217388,0.004076957702636719
1682011477.8066115,2.920214117862484,0.003890514373779297
1682011477.8118865,2.897463423566393,0.0035560131072998047
1682011477.8171892,2.9173390301217688,0.0032515525817871094
1682011477.8213587,2.911713858455153,0.0030851364135742188
1682011477.8260732,2.930214423047578,0.0036916732788085938
1682011477.8313851,2.9199641102328564,0.003451824188232422
1682011477.83612,2.927589342936491,0.0030753612518310547
1682011477.8403883,2.92483925901059,0.0031833648681640625
1682011477.8444562,2.90346360667745,0.003049612045288086
1682011477.8492692,2.911713858455153,0.0036344528198242188
1682011477.8535051,2.908713766899625,0.0031609535217285156
1682011477.857646,2.9233392132328255,0.0030388832092285156
1682011477.8624341,2.930714438306833,0.003687143325805664
1682011477.8682396,2.9294644001586962,0.0036466121673583984
1682011477.8730183,2.939589709158605,0.0030851364135742188
1682011477.8773396,2.9194640949736015,0.0029239654541015625
1682011477.8823636,2.9173390301217688,0.0037620067596435547
1682011477.8883655,2.8939633167516097,0.0037610530853271484
1682011477.8933263,2.917964049195837,0.0032410621643066406
1682011477.8983533,2.9199641102328564,0.0038781166076660156
1682011477.9033241,2.9277143467513045,0.0036089420318603516
1682011477.9076293,2.920464125492111,0.0032510757446289062
1682011477.912019,2.9269643238624226,0.0031375885009765625
1682011477.9181125,2.908338755455184,0.0031337738037109375
1682011477.9239523,2.897463423566393,0.004122018814086914
1682011477.9300864,2.9040886257515184,0.0037992000579833984
1682011477.9341621,2.922339182714316,0.0030362606048583984
1682011477.9383304,2.922089175084689,0.0029535293579101562
1682011477.9431188,2.914088930936613,0.0037047863006591797
1682011477.9477015,2.92621430097354,0.0033354759216308594
1682011477.9515371,2.9187140720847196,0.002626657485961914
1682011477.9564047,2.9143389385662406,0.003536224365234375
1682011477.9612296,2.903963621936705,0.0036656856536865234
1682011477.9651685,2.893463301492355,0.0028831958770751953
1682011477.9697156,2.91771404156621,0.0034058094024658203
1682011477.974965,2.9203391216772974,0.00412440299987793
1682011477.9803476,2.9274643391216775,0.003810405731201172
1682011477.9842815,2.9210891445661797,0.0029006004333496094
1682011477.9885206,2.925589281899472,0.003045320510864258
1682011477.992897,2.933464522232734,0.0032715797424316406
1682011477.9972408,2.9052136600848413,0.003019094467163086
1682011478.0017407,2.907838740195929,0.0033538341522216797
1682011478.005722,2.9027135837885676,0.0029511451721191406
1682011478.010077,2.9170890224921417,0.002933025360107422
1682011478.01489,2.9265893124179816,0.0038118362426757812
1682011478.0198405,2.9599653309732354,0.003562450408935547
1682011478.025012,2.982216010010071,0.004089832305908203
1682011478.0300405,2.947964964751122,0.003567218780517578
1682011478.034771,2.929214392529069,0.003681182861328125
1682011478.0395343,2.9372146366771448,0.0035791397094726562
1682011478.0441272,2.9203391216772974,0.003434896469116211
1682011478.0487518,2.908088747825556,0.0033500194549560547
1682011478.0539286,2.899963499862667,0.0039174556732177734
1682011478.0587676,2.9024635761589406,0.0032165050506591797
1682011478.063051,2.909463789788507,0.0031003952026367188
1682011478.0679948,2.9102138126773887,0.003610849380493164
1682011478.0721664,2.930214423047578,0.0031549930572509766
1682011478.0764558,2.9293393963438827,0.0031011104583740234
1682011478.0804973,2.9168390148625143,0.002899169921875
1682011478.085592,2.9119638660847804,0.003969907760620117
1682011478.090132,2.9063386944181646,0.0034699440002441406
1682011478.0949142,2.918839075899533,0.0037260055541992188
1682011478.100218,2.926839320047609,0.0031707286834716797
1682011478.1065643,2.920589129306925,0.004574298858642578
1682011478.111031,2.920839136936552,0.0031964778900146484
1682011478.115585,2.9213391521958068,0.003478527069091797
1682011478.120044,2.9168390148625143,0.003209829330444336
1682011478.12516,2.9049636524552143,0.004068613052368164
1682011478.1300833,2.9009635303811763,0.003491640090942383
1682011478.1353776,2.903338602862636,0.0041866302490234375
1682011478.1403935,2.913338908047731,0.003663301467895508
1682011478.1455426,2.9168390148625143,0.003580808639526367
1682011478.1502378,2.9235892208624534,0.0032150745391845703
1682011478.1546938,2.92483925901059,0.0034520626068115234
1682011478.1591158,2.925589281899472,0.003269672393798828
1682011478.163718,2.9199641102328564,0.003429412841796875
1682011478.169546,2.909463789788507,0.0035505294799804688
1682011478.1741686,2.904713644825587,0.003216266632080078
1682011478.1787238,2.903588610492264,0.003259897232055664
1682011478.1830966,2.918839075899533,0.0032198429107666016
1682011478.1875944,2.9295894039735098,0.0032358169555664062
1682011478.1928077,2.922339182714316,0.0039517879486083984
1682011478.1972723,2.918464064455092,0.003415346145629883
1682011478.201726,2.9132139042329173,0.0032567977905273438
1682011478.206444,2.912213873714408,0.0035686492919921875
1682011478.2105136,2.916213995788446,0.0029113292694091797
1682011478.2151308,2.916464003418073,0.0034873485565185547
1682011478.2198281,2.9070887173070465,0.003636598587036133
1682011478.2236142,2.908088747825556,0.0027472972869873047
1682011478.2286162,2.9178390453810232,0.0037364959716796875
1682011478.2337315,2.92008911404767,0.00393223762512207
1682011478.23834,2.9238392284920804,0.003347158432006836
1682011478.2425656,2.9283393658253734,0.0031709671020507812
1682011478.2473624,2.924589251380963,0.0036613941192626953
1682011478.2515085,2.9170890224921417,0.003155231475830078
1682011478.2562983,2.913963927121799,0.003313779830932617
1682011478.2607882,2.9084637592699973,0.0029480457305908203
1682011478.2657807,2.9068387096774195,0.0033025741577148438
1682011478.2710996,2.9207141331217388,0.003429412841796875
1682011478.277253,2.9237142246772665,0.003740072250366211
1682011478.2833812,2.9130889004181038,0.003602743148803711
1682011478.28874,2.9149639576403086,0.003817319869995117
1682011478.2944975,2.9095887936033202,0.003292560577392578
1682011478.300785,2.9105888241218296,0.003962516784667969
1682011478.3059924,2.903713614307077,0.0035042762756347656
1682011478.311762,2.9128388927884763,0.0029976367950439453
1682011478.3179195,2.9155889767143774,0.0038814544677734375
1682011478.3235707,2.920589129306925,0.003946065902709961
1682011478.3291173,2.922339182714316,0.0028176307678222656
1682011478.3352416,2.9280893581957455,0.0031418800354003906
1682011478.340415,2.9235892208624534,0.0035762786865234375
1682011478.346664,2.9142139347514266,0.0035545825958251953
1682011478.3547342,2.9154639728995635,0.005629301071166992
1682011478.3642788,2.929214392529069,0.004836320877075195
1682011478.3728704,2.9193390911587875,0.005347251892089844
1682011478.3810525,2.922839197973571,0.005044221878051758
1682011478.3875964,2.9105888241218296,0.003955841064453125
1682011478.39533,2.9055886715292827,0.004004716873168945
1682011478.4041755,2.926339304788354,0.00555419921875
1682011478.4118311,2.9174640339365827,0.004977226257324219
1682011478.4205232,2.9277143467513045,0.0061419010162353516
1682011478.427624,2.9225891903439436,0.004388093948364258
1682011478.4362664,2.91771404156621,0.005075693130493164
1682011478.4438274,2.903088595233009,0.0039052963256835938
1682011478.450877,2.922339182714316,0.004450798034667969
1682011478.4558587,2.925839289529099,0.003214597702026367
1682011478.460901,2.9243392437513354,0.0030059814453125
1682011478.4655662,2.9172140263069553,0.003133535385131836
1682011478.4704785,2.9095887936033202,0.002796173095703125
1682011478.4762263,2.90821375164037,0.00322723388671875
1682011478.4810553,2.903588610492264,0.0032079219818115234
1682011478.4861677,2.9045886410107733,0.0032401084899902344
1682011478.4916651,2.9218391674550612,0.0038170814514160156
1682011478.4985564,2.916464003418073,0.0031371116638183594
1682011478.5038788,2.920464125492111,0.0030205249786376953
1682011478.5096304,2.9152139652699365,0.0042192935943603516
1682011478.5144463,2.9190890835291605,0.0030820369720458984
1682011478.519664,2.9143389385662406,0.003576993942260742
1682011478.5252442,2.9104638203070166,0.0030188560485839844
1682011478.530648,2.91296389660329,0.004295825958251953
1682011478.5369318,2.9225891903439436,0.0035369396209716797
1682011478.5415542,2.9159639881588184,0.003176450729370117
1682011478.5464323,2.924089236121708,0.0037381649017333984
1682011478.5512426,2.9294644001586962,0.0037741661071777344
1682011478.5558348,2.920214117862484,0.003464221954345703
1682011478.5609763,2.9230892056031985,0.004063129425048828
1682011478.56668,2.91633899960326,0.0038750171661376953
1682011478.5723293,2.9130889004181038,0.0037784576416015625
1682011478.5789447,2.924089236121708,0.0036194324493408203
1682011478.584525,2.9147139500106816,0.002717256546020508
1682011478.589833,2.926464308603168,0.003237009048461914
1682011478.5943916,2.9235892208624534,0.0028078556060791016
1682011478.5987747,2.925589281899472,0.002864837646484375
1682011478.6035051,2.92246418652913,0.0030231475830078125
1682011478.609521,2.9149639576403086,0.0037126541137695312
1682011478.6148932,2.909338785973693,0.0034465789794921875
1682011478.620204,2.911713858455153,0.003233194351196289
1682011478.6255925,2.9269643238624226,0.0031096935272216797
1682011478.6309698,2.920839136936552,0.0037260055541992188
1682011478.6365309,2.9230892056031985,0.0036656856536865234
1682011478.640856,2.9130889004181038,0.003004789352416992
1682011478.646963,2.9119638660847804,0.004030466079711914
1682011478.6516876,2.9095887936033202,0.00263214111328125
1682011478.6562383,2.907838740195929,0.003177642822265625
1682011478.6612613,2.9088387707144383,0.0035772323608398438
1682011478.6660202,2.9254642780846587,0.0029211044311523438
1682011478.6709416,2.924964262825404,0.003498077392578125
1682011478.6753566,2.9254642780846587,0.003019571304321289
1682011478.6801517,2.922339182714316,0.003401041030883789
1682011478.6849036,2.915713980529191,0.0034110546112060547
1682011478.6900501,2.917589037751396,0.003858804702758789
1682011478.695732,2.9102138126773887,0.003484964370727539
1682011478.7009943,2.9105888241218296,0.003475189208984375
1682011478.7052267,2.908713766899625,0.0032279491424560547
1682011478.7095902,2.9235892208624534,0.0030257701873779297
1682011478.7135043,2.926339304788354,0.0027129650115966797
1682011478.7182667,2.9135889156773582,0.0033693313598632812
1682011478.7230742,2.920464125492111,0.00385284423828125
1682011478.727801,2.9173390301217688,0.0034215450286865234
1682011478.7323573,2.9178390453810232,0.003128528594970703
1682011478.7373314,2.922714194158757,0.003436565399169922
1682011478.741707,2.9134639118625447,0.0034470558166503906
1682011478.7459426,2.9019635608996857,0.0028634071350097656
1682011478.75055,2.9060886867885376,0.0033562183380126953
1682011478.7554054,2.916088991973632,0.003074169158935547
1682011478.7596471,2.9279643543809324,0.0032036304473876953
1682011478.7642353,2.9293393963438827,0.002954721450805664
1682011478.76796,2.9233392132328255,0.0027303695678710938
1682011478.77309,2.91533896908475,0.0034983158111572266
1682011478.7781303,2.9199641102328564,0.0034034252166748047
1682011478.783145,2.909463789788507,0.0035996437072753906
1682011478.787335,2.912713888973663,0.0031490325927734375
1682011478.792004,2.917589037751396,0.003320455551147461
1682011478.797626,2.9178390453810232,0.003681182861328125
1682011478.8028085,2.925839289529099,0.003279447555541992
1682011478.8075044,2.925964293343913,0.0033457279205322266
1682011478.8124373,2.9152139652699365,0.00397801399230957
1682011478.817214,2.911463850825526,0.0034525394439697266
1682011478.822026,2.9147139500106816,0.00304412841796875
1682011478.8274267,2.9090887783440658,0.003181934356689453
1682011478.8324819,2.9055886715292827,0.003383636474609375
1682011478.837843,2.90583867915891,0.0031461715698242188
1682011478.843076,2.926089297158727,0.0036416053771972656
1682011478.8483243,2.9234642170476395,0.003920555114746094
1682011478.8536644,2.926339304788354,0.003976583480834961
1682011478.8584933,2.924964262825404,0.003594636917114258
1682011478.8629677,2.92483925901059,0.0031728744506835938
1682011478.8672798,2.916714011047701,0.0029230117797851562
1682011478.8719327,2.907338724936674,0.0032236576080322266
1682011478.8758423,2.909713797418134,0.0029320716857910156
1682011478.8810556,2.9084637592699973,0.0032536983489990234
1682011478.8855715,2.9198391064180425,0.0033254623413085938
1682011478.8900151,2.9243392437513354,0.0032939910888671875
1682011478.8952832,2.9145889461958676,0.003717660903930664
1682011478.8996131,2.9134639118625447,0.003332376480102539
1682011478.9050505,2.9147139500106816,0.003960132598876953
1682011478.9101954,2.903963621936705,0.00324249267578125
1682011478.9157338,2.909338785973693,0.003758668899536133
1682011478.920486,2.9064636982329786,0.003129720687866211
1682011478.9256966,2.907338724936674,0.002740621566772461
1682011478.9299238,2.9243392437513354,0.0028700828552246094
1682011478.9345982,2.9269643238624226,0.003297567367553711
1682011478.93978,2.9319644764549704,0.0032024383544921875
1682011478.9440098,2.9210891445661797,0.0028336048126220703
1682011478.9486897,2.9152139652699365,0.003713846206665039
1682011478.9537702,2.925214270455031,0.004029989242553711
1682011478.9586837,2.9089637745292523,0.0034530162811279297
1682011478.9637468,2.916464003418073,0.003618478775024414
1682011478.9676478,2.9135889156773582,0.002947092056274414
1682011478.9725676,2.908713766899625,0.003541707992553711
1682011478.9769955,2.918089053010651,0.003081798553466797
1682011478.9816704,2.916088991973632,0.00316619873046875
1682011478.9871085,2.9149639576403086,0.0037009716033935547
1682011478.9919853,2.91633899960326,0.0031588077545166016
1682011478.9958477,2.922714194158757,0.002716541290283203
1682011479.0001013,2.9207141331217388,0.003116607666015625
1682011479.0048761,2.9110888393810845,0.0037724971771240234
1682011479.0093005,2.901838557084872,0.0029137134552001953
1682011479.0138721,2.9099638050477616,0.003602266311645508
1682011479.018502,2.9225891903439436,0.003045320510864258
1682011479.0227652,2.9225891903439436,0.003279447555541992
1682011479.0269911,2.9247142551957763,0.0032625198364257812
1682011479.031436,2.9207141331217388,0.003130674362182617
1682011479.0361,2.9154639728995635,0.003230571746826172
1682011479.0405927,2.921589159825434,0.0030455589294433594
1682011479.0450635,2.926464308603168,0.0031867027282714844
1682011479.0502753,2.9119638660847804,0.004159450531005859
1682011479.0551262,2.9128388927884763,0.003551483154296875
1682011479.0597327,2.9092137821588793,0.0032885074615478516
1682011479.0637784,2.913963927121799,0.0031092166900634766
1682011479.0688546,2.9250892666402177,0.0036096572875976562
1682011479.074252,2.9199641102328564,0.00438690185546875
1682011479.0793083,2.9193390911587875,0.0032677650451660156
1682011479.0846028,2.917589037751396,0.0030519962310791016
1682011479.0885952,2.921589159825434,0.0030448436737060547
1682011479.0928109,2.912338877529222,0.0027458667755126953
1682011479.09779,2.9059636829737236,0.003483295440673828
1682011479.102821,2.904338633381146,0.0035970211029052734
1682011479.1070676,2.91533896908475,0.002869129180908203
1682011479.1113412,2.9285893734550004,0.0032236576080322266
1682011479.1164596,2.9313394573809015,0.0037429332733154297
1682011479.1209748,2.92483925901059,0.0032050609588623047
1682011479.1250727,2.920214117862484,0.002782583236694336
1682011479.129228,2.918089053010651,0.0028700828552246094
1682011479.1342556,2.9199641102328564,0.003659486770629883
1682011479.1386304,2.9194640949736015,0.003041982650756836
1682011479.142936,2.911838862269967,0.0033783912658691406
1682011479.1485262,2.91296389660329,0.003843069076538086
1682011479.1530128,2.924464247566149,0.0030422210693359375
1682011479.1586895,2.9155889767143774,0.00470423698425293
1682011479.1657043,2.9265893124179816,0.004515886306762695
1682011479.173568,2.9212141483809932,0.005604982376098633
1682011479.1812546,2.908338755455184,0.004787921905517578
1682011479.1890175,2.907838740195929,0.005514383316040039
1682011479.196927,2.92246418652913,0.005884885787963867
1682011479.2032757,2.9198391064180425,0.004894733428955078
1682011479.2095976,2.926464308603168,0.004180431365966797
1682011479.2163682,2.9250892666402177,0.003981828689575195
1682011479.2238514,2.9142139347514266,0.005161762237548828
1682011479.23156,2.91533896908475,0.0046405792236328125
1682011479.2393956,2.9230892056031985,0.005216360092163086
1682011479.2457871,2.9174640339365827,0.004343271255493164
1682011479.2550812,2.928464369640187,0.005579948425292969
1682011479.259752,2.9199641102328564,0.0026056766510009766
1682011479.2646348,2.9239642323068944,0.0035440921783447266
1682011479.269389,2.9150889614551225,0.0032329559326171875
1682011479.273888,2.9023385723441266,0.0035448074340820312
1682011479.2783566,2.9064636982329786,0.0029599666595458984
1682011479.2827225,2.9190890835291605,0.003412485122680664
1682011479.287743,2.9274643391216775,0.0037889480590820312
1682011479.2924254,2.9280893581957455,0.003730297088623047
1682011479.2968347,2.9254642780846587,0.0031702518463134766
1682011479.3016071,2.9203391216772974,0.0033745765686035156
1682011479.3071444,2.9233392132328255,0.0029320716857910156
1682011479.3123348,2.909713797418134,0.00311279296875
1682011479.3171375,2.907338724936674,0.0037429332733154297
1682011479.3218956,2.9107138279366436,0.0033936500549316406
1682011479.328962,2.918339060640278,0.003711700439453125
1682011479.333805,2.92008911404767,0.0033292770385742188
1682011479.3384528,2.916964018677328,0.003665924072265625
1682011479.3431535,2.920589129306925,0.003360748291015625
1682011479.347613,2.9170890224921417,0.0032067298889160156
1682011479.352171,2.921589159825434,0.0035903453826904297
1682011479.356642,2.9128388927884763,0.0035216808319091797
1682011479.3614209,2.903588610492264,0.0035088062286376953
1682011479.365317,2.9103388164922026,0.002960681915283203
1682011479.3701599,2.922839197973571,0.003696918487548828
1682011479.3754408,2.922339182714316,0.003059864044189453
1682011479.3795738,2.9295894039735098,0.0031859874725341797
1682011479.3842306,2.9242142399365214,0.0031566619873046875
1682011479.3892853,2.916088991973632,0.004153251647949219
1682011479.3943868,2.9172140263069553,0.0030863285064697266
1682011479.3993902,2.912213873714408,0.004045009613037109
1682011479.4041414,2.907963744010743,0.003159046173095703
1682011479.409204,2.9108388317514575,0.0033707618713378906
1682011479.4140255,2.9207141331217388,0.003542661666870117
1682011479.418984,2.9277143467513045,0.003250598907470703
1682011479.4245372,2.9242142399365214,0.0037784576416015625
1682011479.4289446,2.929839411603137,0.0033583641052246094
1682011479.4336996,2.9147139500106816,0.0033118724822998047
1682011479.4386127,2.911338847010712,0.003632783889770508
1682011479.4422443,2.9095887936033202,0.0026700496673583984
1682011479.4468315,2.909838801232948,0.0031654834747314453
1682011479.4512966,2.9119638660847804,0.003095388412475586
1682011479.456224,2.9159639881588184,0.00351715087890625
1682011479.460629,2.918339060640278,0.0030889511108398438
1682011479.4649014,2.919714102603229,0.0029287338256835938
1682011479.469304,2.925214270455031,0.002907991409301758
1682011479.4740055,2.9270893276772365,0.0032927989959716797
1682011479.4788096,2.930214423047578,0.0030450820922851562
1682011479.483582,2.9198391064180425,0.0034563541412353516
1682011479.4884782,2.9103388164922026,0.0031342506408691406
1682011479.4933896,2.908713766899625,0.003122568130493164
1682011479.4971483,2.909713797418134,0.0028162002563476562
1682011479.5017984,2.919714102603229,0.0030570030212402344
1682011479.5059817,2.9289643848994418,0.0030705928802490234
1682011479.5105047,2.9173390301217688,0.0030133724212646484
1682011479.5152762,2.9150889614551225,0.00341796875
1682011479.5200691,2.916714011047701,0.0031638145446777344
1682011479.5245004,2.912588885158849,0.0030961036682128906
1682011479.5298257,2.925839289529099,0.004117727279663086
1682011479.534723,2.9168390148625143,0.0037093162536621094
1682011479.53956,2.908713766899625,0.003603219985961914
1682011479.5438294,2.916589007232887,0.003139019012451172
1682011479.5494845,2.922089175084689,0.0037012100219726562
1682011479.5553432,2.9250892666402177,0.0036954879760742188
1682011479.5608528,2.9242142399365214,0.0033829212188720703
1682011479.565523,2.913713919492172,0.0036602020263671875
1682011479.5705395,2.9168390148625143,0.004012107849121094
1682011479.5753343,2.9062136906033507,0.003305673599243164
1682011479.5802684,2.9092137821588793,0.003751516342163086
1682011479.585514,2.9065887020477916,0.003084897994995117
1682011479.5903213,2.92246418652913,0.0038106441497802734
1682011479.595416,2.9247142551957763,0.0034630298614501953
1682011479.6002734,2.9257142857142857,0.0034754276275634766
1682011479.6061199,2.926714316232795,0.0037055015563964844
1682011479.6107368,2.9187140720847196,0.0035486221313476562
1682011479.615358,2.918339060640278,0.0031681060791015625
1682011479.6201937,2.912213873714408,0.003396749496459961
1682011479.6255145,2.903588610492264,0.0036165714263916016
1682011479.6296918,2.907463728751488,0.003203153610229492
1682011479.633802,2.928839381084628,0.0031402111053466797
1682011479.6381593,2.924089236121708,0.003167390823364258
1682011479.6422074,2.9254642780846587,0.002781391143798828
1682011479.6479418,2.921589159825434,0.003640890121459961
1682011479.6536899,2.918464064455092,0.0035207271575927734
1682011479.6593378,2.911713858455153,0.0033473968505859375
1682011479.663042,2.9084637592699973,0.00276947021484375
1682011479.667648,2.9103388164922026,0.003055572509765625
1682011479.6724129,2.9130889004181038,0.003470897674560547
1682011479.6779928,2.920964140751366,0.0034139156341552734
1682011479.6831677,2.929214392529069,0.0036406517028808594
1682011479.6890209,2.922839197973571,0.003683328628540039
1682011479.694374,2.922839197973571,0.003062009811401367
1682011479.6985388,2.924089236121708,0.0031998157501220703
1682011479.7029448,2.9147139500106816,0.0030164718627929688
1682011479.7081132,2.9090887783440658,0.0036978721618652344
1682011479.713204,2.9044636371959593,0.003115415573120117
1682011479.7184224,2.9065887020477916,0.0035195350646972656
1682011479.722728,2.916714011047701,0.0031189918518066406
1682011479.7271671,2.923214209418012,0.003210306167602539
1682011479.7329226,2.9289643848994418,0.0033512115478515625
1682011479.737895,2.92483925901059,0.003267049789428711
1682011479.7424226,2.92483925901059,0.003443002700805664
1682011479.7471888,2.9194640949736015,0.0033423900604248047
1682011479.752248,2.904713644825587,0.004036903381347656
1682011479.756825,2.9103388164922026,0.003304719924926758
1682011479.7624965,2.9104638203070166,0.0046672821044921875
1682011479.767736,2.916964018677328,0.0032563209533691406
1682011479.7724094,2.918089053010651,0.0033457279205322266
1682011479.776148,2.9254642780846587,0.002797365188598633
1682011479.7813675,2.9235892208624534,0.0034918785095214844
1682011479.7855723,2.916088991973632,0.00321197509765625
1682011479.7903707,2.9143389385662406,0.0036885738372802734
1682011479.7947993,2.9088387707144383,0.003129720687866211
1682011479.799457,2.9099638050477616,0.003187417984008789
1682011479.8039477,2.911463850825526,0.003074169158935547
1682011479.8090606,2.9225891903439436,0.0034737586975097656
1682011479.8131344,2.920589129306925,0.003103017807006836
1682011479.817702,2.9172140263069553,0.003463268280029297
1682011479.821923,2.9198391064180425,0.003294229507446289
1682011479.8269236,2.921714163640248,0.003596782684326172
1682011479.8321989,2.926464308603168,0.003376483917236328
1682011479.837016,2.921714163640248,0.003007650375366211
1682011479.841512,2.915713980529191,0.003298044204711914
1682011479.8469708,2.915713980529191,0.003302335739135742
1682011479.85169,2.9149639576403086,0.003312349319458008
1682011479.8559577,2.913713919492172,0.002955913543701172
1682011479.8608522,2.92246418652913,0.003472566604614258
1682011479.8659487,2.912338877529222,0.0031783580780029297
1682011479.8710063,2.9182140568254646,0.0030286312103271484
1682011479.8765066,2.9187140720847196,0.0035555362701416016
1682011479.8817248,2.918089053010651,0.0032510757446289062
1682011479.8855627,2.916589007232887,0.0027704238891601562
1682011479.8901606,2.905463667714469,0.0032112598419189453
1682011479.8943408,2.906963713492233,0.0029103755950927734
1682011479.8990843,2.915713980529191,0.0032830238342285156
1682011479.904722,2.924089236121708,0.004263877868652344
1682011479.9106333,2.924464247566149,0.0037856101989746094
1682011479.9148457,2.920464125492111,0.0028688907623291016
1682011479.9200044,2.9265893124179816,0.0037374496459960938
1682011479.925045,2.926464308603168,0.0039234161376953125
1682011479.9311936,2.9195890987884154,0.003737211227416992
1682011479.9367094,2.9112138431958985,0.0030488967895507812
1682011479.9417639,2.919714102603229,0.0035364627838134766
1682011479.946809,2.928464369640187,0.0027582645416259766
1682011479.9524462,2.9254642780846587,0.003154754638671875
1682011479.9581215,2.9280893581957455,0.0039064884185791016
1682011479.9658835,2.920839136936552,0.005243778228759766
1682011479.9718935,2.909463789788507,0.0038487911224365234
1682011479.98161,2.9115888546403395,0.0053157806396484375
1682011479.988934,2.918839075899533,0.004791259765625
1682011479.9955764,2.924464247566149,0.004483699798583984
1682011480.002575,2.926839320047609,0.0038204193115234375
1682011480.0106244,2.918464064455092,0.004267215728759766
1682011480.0188265,2.92246418652913,0.004357337951660156
1682011480.0259957,2.91633899960326,0.004918575286865234
1682011480.0319533,3.005341715750603,0.00395965576171875
1682011480.0394876,2.947839960936308,0.0040895938873291016
1682011480.0470166,2.9092137821588793,0.005566596984863281
1682011480.0542212,2.8973384197515792,0.004697084426879883
1682011480.0606604,2.8918382518997774,0.004924297332763672
1682011480.0659683,2.9092137821588793,0.0030879974365234375
1682011480.0709136,2.9110888393810845,0.0034906864166259766
1682011480.0752246,2.9214641560106207,0.002954244613647461
1682011480.0801609,2.935589587084567,0.0034339427947998047
1682011480.0846326,2.9229642017883846,0.003133058547973633
1682011480.0893178,2.9250892666402177,0.0034258365631103516
1682011480.094127,2.9274643391216775,0.003913164138793945
1682011480.0987172,2.9287143772698143,0.0031490325927734375
1682011480.1033099,2.909713797418134,0.002912282943725586
1682011480.1077585,2.918089053010651,0.0035238265991210938
1682011480.1117854,2.9218391674550612,0.002888202667236328
1682011480.1192465,2.907338724936674,0.006354093551635742
1682011480.1298256,2.9279643543809324,0.008317708969116211
1682011480.1354306,2.9173390301217688,0.0040662288665771484
1682011480.1404736,2.911338847010712,0.0029306411743164062
1682011480.1500654,2.921964171269875,0.008261680603027344
1682011480.1555989,2.908088747825556,0.004058122634887695
1682011480.161336,2.9052136600848413,0.002893209457397461
1682011480.166038,2.9060886867885376,0.002923727035522461
1682011480.1711001,2.9285893734550004,0.003618001937866211
1682011480.175563,2.9234642170476395,0.0031690597534179688
1682011480.179299,2.921714163640248,0.002657175064086914
1682011480.184457,2.930714438306833,0.003609895706176758
1682011480.1887708,2.925839289529099,0.003302335739135742
1682011480.1931188,2.9149639576403086,0.0032994747161865234
1682011480.1979427,2.9242142399365214,0.0037102699279785156
1682011480.2023163,2.922089175084689,0.0033037662506103516
1682011480.207272,2.9145889461958676,0.0032317638397216797
1682011480.2128468,2.912088869899594,0.004115104675292969
1682011480.2175372,2.9102138126773887,0.0026853084564208984
1682011480.2219992,2.926089297158727,0.003381013870239258
1682011480.2273493,2.934964568010498,0.0025453567504882812
1682011480.2320263,2.9182140568254646,0.003337860107421875
1682011480.2358148,2.9282143620105594,0.0027446746826171875
1682011480.2415395,2.9234642170476395,0.0040798187255859375
1682011480.2460208,2.922214178899502,0.003035306930541992
1682011480.2503185,2.9104638203070166,0.003201007843017578
1682011480.2551875,2.9207141331217388,0.0034797191619873047
1682011480.2617762,2.9198391064180425,0.00423121452331543
1682011480.2657824,2.910088808862575,0.002956390380859375
1682011480.2706096,2.9147139500106816,0.003326892852783203
1682011480.2754114,2.921964171269875,0.003862619400024414
1682011480.2813325,2.9309644459364605,0.004090785980224609
1682011480.2858486,2.937464644306772,0.003214597702026367
1682011480.2901535,2.9189640797143466,0.0032694339752197266
1682011480.2964017,2.915838984344005,0.004502534866333008
1682011480.3016458,2.918839075899533,0.0038597583770751953
1682011480.3069835,2.918464064455092,0.0038504600524902344
1682011480.3117018,2.919714102603229,0.0033750534057617188
1682011480.318675,2.911463850825526,0.004819154739379883
1682011480.3232062,2.9092137821588793,0.0031387805938720703
1682011480.3283784,2.9207141331217388,0.0034923553466796875
1682011480.332815,2.9229642017883846,0.0030143260955810547
1682011480.3378034,2.930339426862392,0.0035626888275146484
1682011480.3435721,2.9178390453810232,0.004179954528808594
1682011480.3486493,2.9075887325663015,0.0032470226287841797
1682011480.353607,2.913338908047731,0.0028312206268310547
1682011480.3590095,2.9134639118625447,0.003053903579711914
1682011480.364053,2.915713980529191,0.003101348876953125
1682011480.368389,2.909463789788507,0.0029985904693603516
1682011480.3738203,2.9065887020477916,0.003742694854736328
1682011480.3793638,2.917589037751396,0.0033228397369384766
1682011480.3845778,2.925964293343913,0.0031807422637939453
1682011480.38936,2.9297144077883237,0.0025844573974609375
1682011480.3943741,2.9277143467513045,0.0036013126373291016
1682011480.399338,2.909713797418134,0.003444671630859375
1682011480.4038794,2.9243392437513354,0.003298044204711914
1682011480.4083927,2.9207141331217388,0.0031638145446777344
1682011480.4133105,2.910088808862575,0.0034732818603515625
1682011480.4185278,2.9135889156773582,0.00380706787109375
1682011480.4243107,2.90346360667745,0.003655672073364258
1682011480.4293232,2.9265893124179816,0.003252267837524414
1682011480.4342287,2.9280893581957455,0.003309011459350586
1682011480.439502,2.925214270455031,0.0033502578735351562
1682011480.4445953,2.9138389233069857,0.0032837390899658203
1682011480.4496725,2.9150889614551225,0.0031294822692871094
1682011480.454423,2.9234642170476395,0.0032737255096435547
1682011480.4588053,2.9173390301217688,0.0033757686614990234
1682011480.4634764,2.907713736381115,0.0036330223083496094
1682011480.4678538,2.9152139652699365,0.0033979415893554688
1682011480.4725883,2.911463850825526,0.0036399364471435547
1682011480.4766617,2.9107138279366436,0.0027761459350585938
1682011480.4825382,2.9150889614551225,0.0038063526153564453
1682011480.4866977,2.9295894039735098,0.002864360809326172
1682011480.4910188,2.925964293343913,0.0032567977905273438
1682011480.4953892,2.9213391521958068,0.0032181739807128906
1682011480.4997325,2.9214641560106207,0.003191232681274414
1682011480.5049305,2.92246418652913,0.003968238830566406
1682011480.5094914,2.9149639576403086,0.003246307373046875
1682011480.5135553,2.9119638660847804,0.0030171871185302734
1682011480.51834,2.924964262825404,0.0037238597869873047
1682011480.5235333,2.9059636829737236,0.004076480865478516
1682011480.527638,2.9102138126773887,0.0027327537536621094
1682011480.5321505,2.922214178899502,0.003459453582763672
1682011480.5376737,2.9294644001586962,0.004201650619506836
1682011480.5430622,2.9274643391216775,0.0032927989959716797
1682011480.5481665,2.9143389385662406,0.0032885074615478516
1682011480.5533412,2.916714011047701,0.003506898880004883
1682011480.558889,2.9199641102328564,0.0039789676666259766
1682011480.5643291,2.912088869899594,0.002942323684692383
1682011480.569786,2.9229642017883846,0.0038847923278808594
1682011480.575284,2.911463850825526,0.0032341480255126953
1682011480.5808387,2.907963744010743,0.0035316944122314453
1682011480.5866466,2.916589007232887,0.003952980041503906
1682011480.5916433,2.920839136936552,0.0030498504638671875
1682011480.595632,2.9337145298623617,0.0028731822967529297
1682011480.6011531,2.924589251380963,0.003962516784667969
1682011480.605574,2.9108388317514575,0.003203153610229492
1682011480.6101367,2.923214209418012,0.003309965133666992
1682011480.6151032,2.9207141331217388,0.00342559814453125
1682011480.6208835,2.9190890835291605,0.003828763961791992
1682011480.6279528,2.916964018677328,0.004100799560546875
1682011480.633343,2.9193390911587875,0.0031270980834960938
1682011480.6388865,2.915713980529191,0.0035886764526367188
1682011480.6440618,2.9178390453810232,0.0037577152252197266
1682011480.6489377,2.922214178899502,0.0035331249237060547
1682011480.6533647,2.925964293343913,0.003449678421020508
1682011480.6589637,2.918089053010651,0.002999544143676758
1682011480.6639268,2.915713980529191,0.002523183822631836
1682011480.6692324,2.907963744010743,0.00302886962890625
1682011480.6750553,2.909463789788507,0.003645181655883789
1682011480.6807683,2.9115888546403395,0.003041982650756836
1682011480.686862,2.924464247566149,0.0033791065216064453
1682011480.692809,2.930339426862392,0.003123760223388672
1682011480.6988733,2.9360896023438214,0.003058910369873047
1682011480.7047198,2.920964140751366,0.002917766571044922
1682011480.733137,2.928839381084628,0.02543783187866211
1682011480.737826,2.922839197973571,0.0033469200134277344
1682011480.7428205,2.9269643238624226,0.0039038658142089844
1682011480.747875,2.921589159825434,0.0030298233032226562
1682011480.7524672,2.9233392132328255,0.003439188003540039
1682011480.7570944,2.920839136936552,0.0030069351196289062
1682011480.761805,2.9135889156773582,0.0031659603118896484
1682011480.767579,2.9064636982329786,0.0042877197265625
1682011480.775692,2.909713797418134,0.004548549652099609
1682011480.7821136,2.907713736381115,0.0042226314544677734
1682011480.79104,2.9210891445661797,0.0054972171783447266
1682011480.7970302,2.926464308603168,0.004499673843383789
1682011480.8054426,2.9273393353068635,0.0054779052734375
1682011480.811578,2.9189640797143466,0.004432201385498047
1682011480.818966,2.9192140873439745,0.0049762725830078125
1682011480.8253064,2.9142139347514266,0.0038721561431884766
1682011480.8333418,2.91633899960326,0.004405975341796875
1682011480.8391237,2.916714011047701,0.0035784244537353516
1682011480.847089,2.9318394726401564,0.004926919937133789
1682011480.8539815,2.9319644764549704,0.004654645919799805
1682011480.8600104,2.9247142551957763,0.003957986831665039
1682011480.8662806,2.9242142399365214,0.003820657730102539
1682011480.8723261,2.9193390911587875,0.003782033920288086
1682011480.8803287,2.916464003418073,0.004725456237792969
1682011480.8875117,2.911463850825526,0.00464940071105957
1682011480.8939586,2.9185890682699056,0.0035545825958251953
1682011480.9010708,2.9300894192327647,0.004117727279663086
1682011480.9082956,2.9230892056031985,0.003988742828369141
1682011480.915872,2.918464064455092,0.004217624664306641
1682011480.9238884,2.9190890835291605,0.005141496658325195
1682011480.9312284,2.919714102603229,0.005103111267089844
1682011480.9378302,2.91296389660329,0.004223346710205078
1682011480.9432588,2.921589159825434,0.003790616989135742
1682011480.9505599,2.9330895107882933,0.004818439483642578
1682011480.9559252,2.92621430097354,0.003798961639404297
1682011480.9662955,2.9110888393810845,0.0035750865936279297
1682011480.9739194,2.9095887936033202,0.005495309829711914
1682011480.9801922,2.907838740195929,0.004571437835693359
1682011480.9875543,2.9053386638996552,0.005324125289916992
1682011480.9951468,2.921589159825434,0.004178047180175781
1682011481.003039,2.9317144688253425,0.00522303581237793
1682011481.010157,2.9278393505661184,0.0046367645263671875
1682011481.0166326,2.9233392132328255,0.004114866256713867
1682011481.0227575,2.9168390148625143,0.0038177967071533203
1682011481.0294387,2.912713888973663,0.003987550735473633
1682011481.0374856,2.9065887020477916,0.005225658416748047
1682011481.0442014,2.9103388164922026,0.004809379577636719
1682011481.050324,2.9238392284920804,0.0045299530029296875
1682011481.0592668,2.9294644001586962,0.005212545394897461
1682011481.0663006,2.9253392742698447,0.0032117366790771484
1682011481.0737696,2.92008911404767,0.0033385753631591797
1682011481.0821617,2.9134639118625447,0.004159450531005859
1682011481.0891716,2.90583867915891,0.0049746036529541016
1682011481.096215,2.9149639576403086,0.0037703514099121094
1682011481.102658,2.9198391064180425,0.0036423206329345703
1682011481.1103592,2.9238392284920804,0.0049135684967041016
1682011481.1155486,2.925214270455031,0.0034589767456054688
1682011481.1220984,2.912088869899594,0.004645347595214844
1682011481.1278026,2.909838801232948,0.004201173782348633
1682011481.133003,2.9150889614551225,0.003277301788330078
1682011481.1405435,2.9089637745292523,0.004730939865112305
1682011481.1459968,2.91633899960326,0.0038909912109375
1682011481.1538475,2.9112138431958985,0.005048036575317383
1682011481.1595387,2.9194640949736015,0.004124879837036133
1682011481.1669006,2.9203391216772974,0.0048084259033203125
1682011481.1728153,2.915838984344005,0.004400730133056641
1682011481.179371,2.906963713492233,0.004414081573486328
1682011481.18536,2.9068387096774195,0.0034012794494628906
1682011481.1908329,2.9104638203070166,0.0036203861236572266
1682011481.1979978,2.9138389233069857,0.00432276725769043
1682011481.2044673,2.9168390148625143,0.0041179656982421875
1682011481.2110252,2.917964049195837,0.0044324398040771484
1682011481.2166836,2.9242142399365214,0.003741741180419922
1682011481.2240233,2.920464125492111,0.005324363708496094
1682011481.229893,2.9152139652699365,0.0039179325103759766
1682011481.2388065,2.907463728751488,0.005610466003417969
1682011481.2457929,2.913338908047731,0.004232645034790039
1682011481.2521367,2.9147139500106816,0.004360675811767578
1682011481.2585883,2.931089449751274,0.003573894500732422
1682011481.2642503,2.927589342936491,0.0039539337158203125
1682011481.2717118,2.9234642170476395,0.004122018814086914
1682011481.2769923,2.9104638203070166,0.0038204193115234375
1682011481.2828264,2.915713980529191,0.0037593841552734375
1682011481.2897928,2.9107138279366436,0.004796266555786133
1682011481.2972012,2.90108853419599,0.005073070526123047
1682011481.3027906,2.913713919492172,0.003980875015258789
1682011481.3091328,2.9148389538254955,0.0036394596099853516
1682011481.314766,2.9247142551957763,0.003565073013305664
1682011481.3207233,2.9190890835291605,0.004104137420654297
1682011481.3265991,2.912713888973663,0.003894805908203125
1682011481.334026,2.916589007232887,0.004178762435913086
1682011481.340738,2.907713736381115,0.0045318603515625
1682011481.3470857,2.9155889767143774,0.0035724639892578125
1682011481.3538907,2.909338785973693,0.004121065139770508
1682011481.360904,2.9159639881588184,0.004942417144775391
1682011481.3668008,2.924964262825404,0.003559589385986328
1682011481.3733072,2.91771404156621,0.004341602325439453
1682011481.3798566,2.912213873714408,0.004405498504638672
1682011481.3907151,2.9193390911587875,0.0070667266845703125
1682011481.397969,2.91633899960326,0.004485368728637695
1682011481.4058092,2.905463667714469,0.005845546722412109
1682011481.4172945,2.922714194158757,0.00955510139465332
1682011481.4246676,2.9225891903439436,0.005463361740112305
1682011481.430861,2.916714011047701,0.004571199417114258
1682011481.4387245,2.9099638050477616,0.00521087646484375
1682011481.4447625,2.9107138279366436,0.004395246505737305
1682011481.4516325,2.9049636524552143,0.004081249237060547
1682011481.4585423,2.9145889461958676,0.004303693771362305
1682011481.4646354,2.9192140873439745,0.004514932632446289
1682011481.4719985,2.9282143620105594,0.0034401416778564453
1682011481.476894,2.920589129306925,0.002631664276123047
1682011481.482593,2.9102138126773887,0.004148244857788086
1682011481.4882307,2.9134639118625447,0.0038709640502929688
