timestamp (epoch),loop time (s),des velocity,velocity (Rad/S),Futek Torque (Nm),v_bus,i_bus,v_q,i_q
1678920159.4086895,0.04999995231628418,1,-0.0034906585039886587,0.021130644856111047,24.4,0.0,0.0,0.0
1678920159.4586828,0.09999990463256836,1,-0.0034906585039886587,2.3112005322428075,24.4,0.0,0.0,0.0
1678920159.509602,0.14999985694885254,1,-0.0034906585039886587,1.2811690981780544,24.4,0.0,0.0,0.0
1678920159.5592089,0.19999980926513672,1,1.0361437992673002,1.2211672670674822,24.4,0.0,0.136,-0.75
1678920159.6095479,0.2499997615814209,1,1.0361437992673002,1.271168792992956,24.4,0.0,0.136,-0.75
1678920159.6595721,0.2999997138977051,1,1.0361437992673002,1.3211703189184298,24.4,0.0,0.136,-0.75
1678920159.7089841,0.34999966621398926,1,1.0024007670620765,1.3261704715109701,24.4,0.0,0.002,-1.0
1678920159.759204,0.39999961853027344,1,0.9925105679674421,1.2211672670674822,24.4,0.0,0.029,-0.85
1678920159.8094227,0.4499995708465576,1,1.0076367548180596,1.2861692507705946,24.4,0.0,0.06,-0.72
1678920159.8595817,0.4999995231628418,1,1.008218531235391,1.291169403363135,24.5,0.0,0.028,-0.86
1678920159.9094224,0.549999475479126,1,1.008218531235391,1.271168792992956,24.5,0.0,0.028,-0.86
1678920159.9595227,0.5999994277954102,1,1.008218531235391,1.4861753544724898,24.5,0.0,0.028,-0.86
1678920160.0092273,0.6499993801116943,1,1.0151998482433684,1.4561744389172127,24.4,0.0,0.0,-1.3
1678920160.0591471,0.6999993324279785,1,1.0151998482433684,1.4811752018799318,24.4,0.0,0.0,-1.3
1678920160.1094859,0.7499992847442627,1,1.0076367548180596,1.2461680300302014,24.5,0.0,-0.021,-1.21
1678920160.1592975,0.7999992370605469,1,1.0076367548180596,1.271168792992956,24.5,0.0,-0.021,-1.21
1678920160.2097552,0.849999189376831,1,1.0076367548180596,1.1761658937345487,24.5,0.0,-0.021,-1.21
1678920160.2585907,0.8999991416931152,1,1.0076367548180596,1.206166809289826,24.5,0.0,-0.021,-1.21
1678920160.30825,0.9499990940093994,1,1.0076367548180596,1.291169403363135,24.5,0.0,-0.021,-1.21
1678920160.3583417,0.9999990463256836,1,1.0076367548180596,1.206166809289826,24.5,0.0,-0.021,-1.21
1678920160.4082003,1.0499989986419678,1,1.0076367548180596,1.2761689455854963,24.5,0.0,-0.021,-1.21
1678920160.4582043,1.099998950958252,1,0.9942558972194364,1.206166809289826,24.4,0.0,0.0,-0.99
1678920160.5100286,1.1499989032745361,1,0.9942558972194364,1.2511681826227594,24.4,0.0,0.0,-0.99
1678920160.559592,1.1999988555908203,1,0.9942558972194364,1.2411678774376789,24.4,0.0,0.0,-0.99
1678920160.6096473,1.2499988079071045,1,1.0105456369047168,1.4461741337321143,24.5,0.0,0.01,-0.94
1678920160.6596708,1.2999987602233887,1,1.0105456369047168,1.6361799322489112,24.5,0.0,0.01,-0.94
1678920160.708768,1.3499987125396729,1,1.0245082709206714,1.65618054261909,24.4,0.0,-0.017,-1.26
1678920160.7586946,1.399998664855957,1,0.9954194500540993,1.546177185583062,24.4,0.0,-0.008,-1.33
1678920160.8092246,1.4499986171722412,1,0.9954194500540993,1.5011758122501284,24.4,0.0,-0.008,-1.33
1678920160.8597493,1.4999985694885254,1,0.9954194500540993,1.211166961882384,24.4,0.0,-0.008,-1.33
1678920160.9083238,1.5499985218048096,1,0.9971647793060936,1.206166809289826,24.4,0.0,-0.027,-1.1
1678920160.959623,1.5999984741210938,1,0.9971647793060936,1.021161163365587,24.4,0.0,-0.027,-1.1
1678920161.0080438,1.649998426437378,1,0.9971647793060936,1.1761658937345487,24.4,0.0,-0.027,-1.1
1678920161.0586703,1.699998378753662,1,0.9925105679674421,1.2761689455854963,24.5,0.0,0.019,-0.88
1678920161.1089997,1.7499983310699463,1,0.9925105679674421,1.3661716922513456,24.5,0.0,0.019,-0.88
1678920161.1589205,1.7999982833862305,1,0.9971647793060936,1.3311706241035104,24.5,0.0,-0.006,-1.04
1678920161.2091146,1.8499982357025146,1,0.9878563566287905,1.2511681826227594,24.4,0.0,0.007,-0.97
1678920161.2591434,1.8999981880187988,1,0.9913470151327791,1.2811690981780544,24.4,0.0,0.056,-0.73
1678920161.3090677,1.949998140335083,1,1.0169451774953626,1.346171081881149,24.5,0.0,0.055,-0.73
1678920161.3638103,1.9999980926513672,1,1.02392649450334,1.4561744389172127,24.4,0.0,-0.007,-1.05
1678920161.4083877,2.0499980449676514,1,1.02392649450334,1.3911724552140825,24.4,0.0,-0.007,-1.05
1678920161.4590693,2.0999979972839355,1,0.9960012264714307,1.406172912991721,24.5,0.0,-0.015,-1.23
1678920161.5089848,2.1499979496002197,1,0.9960012264714307,1.3061698611407735,24.5,0.0,-0.015,-1.23
1678920161.5583537,2.199997901916504,1,0.9936741208021049,1.3711718448439036,24.5,0.0,-0.019,-1.19
1678920161.609933,2.249997854232788,1,0.9919287915501106,1.2461680300302014,24.4,0.0,-0.024,-1.14
1678920161.6583467,2.2999978065490723,1,0.9925105679674421,1.1361646729941732,24.4,0.0,-0.022,-1.06
1678920161.7085233,2.3499977588653564,1,0.9925105679674421,1.301169708548251,24.4,0.0,-0.022,-1.06
1678920161.758441,2.3999977111816406,1,0.9925105679674421,1.2611684878078577,24.4,0.0,-0.022,-1.06
1678920161.808759,2.449997663497925,1,1.0012372142274137,1.356171387066265,24.4,0.0,0.013,-0.91
1678920161.8591974,2.499997615814209,1,1.0012372142274137,0.9311584166997378,24.4,0.0,0.013,-0.91
1678920161.908545,2.549997568130493,1,0.9482955602502523,1.3411709292886265,24.4,0.0,0.0,-1.13
1678920161.958689,2.5999975204467773,1,0.9482955602502523,1.2761689455854963,24.4,0.0,0.0,-1.13
1678920162.01038,2.6499974727630615,1,0.9482955602502523,1.2311675722525628,24.4,0.0,0.0,-1.13
1678920162.0592155,2.6999974250793457,1,1.0093820840700538,1.2211672670674822,24.5,0.0,0.03,-0.85
1678920162.1081522,2.74999737739563,1,1.0093820840700538,1.2361677248451208,24.5,0.0,0.03,-0.85
1678920162.1581755,2.799997329711914,1,1.002982543479408,1.4511742863246546,24.5,0.0,-0.016,-1.12
1678920162.2071924,2.8499972820281982,1,1.0093820840700538,1.346171081881149,24.4,0.0,-0.02,-1.2
1678920162.2576544,2.8999972343444824,1,1.0093820840700538,1.4011727603991808,24.4,0.0,-0.02,-1.2
1678920162.3074715,2.9499971866607666,1,0.9960012264714307,1.296169555955693,24.5,0.0,-0.02,-1.16
1678920162.3576136,2.999997138977051,1,0.9960012264714307,1.1811660463271068,24.5,0.0,-0.02,-1.16
1678920162.4079728,3.049997091293335,2,0.9960012264714307,1.0861631470686994,24.5,0.0,-0.02,-1.16
1678920162.4571848,3.099997043609619,2,0.9960012264714307,2.161195954466386,24.5,0.0,-0.02,-1.16
1678920162.5075183,3.1499969959259033,2,2.1461732035356937,1.4811752018799318,24.4,0.05,0.816,0.02
1678920162.5577288,3.1999969482421875,2,2.1461732035356937,1.3061698611407735,24.4,0.05,0.816,0.02
1678920162.6075904,3.2499969005584717,2,1.9989837699508386,1.3411709292886265,24.4,-0.03,0.436,-0.98
1678920162.6574595,3.299996852874756,2,2.0001473227855016,1.1961665041047453,24.4,-0.03,0.425,-1.08
1678920162.707527,3.34999680519104,2,2.0001473227855016,1.4211733707693597,24.4,-0.03,0.425,-1.08
1678920162.7575867,3.399996757507324,2,2.0001473227855016,1.2011666566972856,24.4,-0.03,0.425,-1.08
1678920162.8092248,3.4499967098236084,2,2.0001473227855016,1.3211703189184298,24.4,-0.03,0.425,-1.08
1678920162.8592374,3.4999966621398926,2,2.0042197577068217,1.3961726078066405,24.4,-0.02,0.449,-0.92
1678920162.9099216,3.5499966144561768,2,1.996656664281513,1.4461741337321143,24.4,-0.03,0.388,-1.24
1678920162.9595568,3.599996566772461,2,1.996656664281513,1.2861692507705946,24.4,-0.03,0.388,-1.24
1678920163.0089867,3.649996519088745,2,1.996656664281513,1.376171997436444,24.4,-0.03,0.388,-1.24
1678920163.059259,3.6999964714050293,2,2.0181823917227764,1.351171234473707,24.4,-0.03,0.37,-1.37
1678920163.1103146,3.7499964237213135,2,2.0181823917227764,1.0561622315134045,24.4,-0.03,0.37,-1.37
1678920163.1585271,3.7999963760375977,2,2.0181823917227764,1.046161926328324,24.4,-0.03,0.37,-1.37
1678920163.209172,3.849996328353882,2,1.979785148178901,1.2861692507705946,24.4,-0.02,0.459,-0.85
1678920163.2598066,3.899996280670166,2,2.008873969045473,1.4111730655842791,24.4,-0.03,0.407,-1.12
1678920163.308466,3.94999623298645,2,2.013528180384125,1.436173828547016,24.5,-0.03,0.398,-1.25
1678920163.3579328,3.9999961853027344,2,2.0234183794787595,1.601178864101076,24.4,-0.03,0.406,-1.1
1678920163.4081345,4.0499961376190186,2,2.0234183794787595,1.5311767278054234,24.4,-0.03,0.406,-1.1
1678920163.4571822,4.099996089935303,2,1.9780398189269068,1.1811660463271068,24.4,-0.03,0.368,-1.35
1678920163.5074172,4.149996042251587,2,1.9780398189269068,0.8811568907742462,24.4,-0.03,0.368,-1.35
1678920163.557318,4.199995994567871,2,1.9780398189269068,1.1561652833643699,24.4,-0.03,0.368,-1.35
1678920163.6090848,4.249995946884155,2,1.9780398189269068,1.4511742863246546,24.4,-0.03,0.368,-1.35
1678920163.6576397,4.2999958992004395,2,1.9780398189269068,1.301169708548251,24.4,-0.03,0.368,-1.35
1678920163.7077785,4.349995851516724,2,1.9780398189269068,1.3961726078066405,24.4,-0.03,0.368,-1.35
1678920163.7573125,4.399995803833008,2,1.9780398189269068,1.4161732181768372,24.4,-0.03,0.368,-1.35
1678920163.807089,4.449995756149292,2,2.0065468633761476,1.2461680300302014,24.5,-0.03,0.366,-1.36
1678920163.857306,4.499995708465576,2,1.9856029123522154,1.1661655885494504,24.4,-0.03,0.41,-1.15
1678920163.9073908,4.54999566078186,2,1.9856029123522154,1.3161701663258896,24.4,-0.03,0.41,-1.15
1678920163.9572213,4.5999956130981445,2,2.013528180384125,1.2461680300302014,24.4,-0.02,0.483,-0.77
1678920164.009496,4.649995565414429,2,2.013528180384125,1.3861723026215422,24.4,-0.02,0.483,-0.77
1678920164.0596874,4.699995517730713,2,1.9978202171161759,1.3211703189184298,24.5,-0.03,0.438,-1.0
1678920164.108779,4.749995470046997,2,2.0013108756201645,1.546177185583062,24.4,-0.03,0.427,-1.02
1678920164.158655,4.799995422363281,2,2.0013108756201645,1.376171997436444,24.4,-0.03,0.427,-1.02
1678920164.2096183,4.849995374679565,2,2.0013108756201645,1.1611654359569101,24.4,-0.03,0.427,-1.02
1678920164.2591887,4.89999532699585,2,1.980948701013564,0.9261582641071797,24.4,-0.03,0.399,-1.14
1678920164.3085263,4.949995279312134,2,1.9669860669976094,1.0911632996612397,24.5,-0.02,0.474,-0.78
1678920164.3586748,4.999995231628418,2,1.9669860669976094,1.376171997436444,24.5,-0.02,0.474,-0.78
1678920164.407559,5.049995183944702,2,2.0129464039667933,1.2811690981780544,24.5,-0.03,0.444,-0.99
1678920164.4572873,5.099995136260986,2,2.0129464039667933,1.596178711508518,24.5,-0.03,0.444,-0.99
1678920164.5073166,5.1499950885772705,2,2.0251637087307537,1.5561774907681603,24.4,-0.03,0.409,-1.18
1678920164.557267,5.199995040893555,2,2.0251637087307537,1.346171081881149,24.4,-0.03,0.409,-1.18
1678920164.6076326,5.249994993209839,2,1.9943295586121872,0.8311553648487902,24.4,-0.03,0.4,-1.18
1678920164.6576865,5.299994945526123,2,1.9943295586121872,1.2011666566972856,24.4,-0.03,0.4,-1.18
1678920164.7076876,5.349994897842407,2,1.9943295586121872,1.3161701663258896,24.4,-0.03,0.4,-1.18
1678920164.7576156,5.399994850158691,2,1.9943295586121872,1.2211672670674822,24.4,-0.03,0.4,-1.18
1678920164.8077154,5.449994802474976,2,1.989093570856204,1.406172912991721,24.5,-0.02,0.46,-0.85
1678920164.8576894,5.49999475479126,2,2.0146917332187875,1.356171387066265,24.4,-0.03,0.446,-0.98
1678920164.9082117,5.549994707107544,2,2.0117828511321303,1.4461741337321143,24.4,-0.03,0.38,-1.28
1678920164.9570937,5.599994659423828,2,2.0187641681401076,1.2461680300302014,24.4,-0.03,0.403,-1.2
1678920165.0073075,5.649994611740112,2,2.0187641681401076,1.3211703189184298,24.4,-0.03,0.403,-1.2
1678920165.0576415,5.6999945640563965,2,1.9972384406988444,1.3411709292886265,24.4,-0.02,0.45,-0.91
1678920165.1076407,5.749994516372681,2,1.9844393595175527,1.356171387066265,24.4,-0.03,0.414,-1.08
1678920165.1576166,5.799994468688965,2,1.9844393595175527,1.2211672670674822,24.4,-0.03,0.414,-1.08
1678920165.2077003,5.849994421005249,2,1.9844393595175527,1.5211764226203073,24.4,-0.03,0.414,-1.08
1678920165.2577047,5.899994373321533,2,2.0146917332187875,1.4111730655842791,24.4,-0.03,0.398,-1.2
1678920165.307813,5.949994325637817,2,2.0146917332187875,1.2161671144749242,24.4,-0.03,0.398,-1.2
1678920165.3577008,5.999994277954102,2,1.99142067652553,1.2561683352153175,24.4,-0.03,0.391,-1.19
1678920165.4082835,6.049994230270386,4,1.99142067652553,1.3961726078066405,24.4,-0.03,0.391,-1.19
1678920165.4576004,6.09999418258667,4,1.99142067652553,2.6162098403881906,24.4,-0.03,0.391,-1.19
1678920165.5074754,6.149994134902954,4,1.99142067652553,2.6112096877956326,24.4,-0.03,0.391,-1.19
1678920165.5577211,6.199994087219238,4,4.094542425178697,2.1061942759483543,24.5,-0.16,1.151,-2.73
1678920165.60771,6.2499940395355225,4,4.021820373012266,1.65118039002655,24.5,-0.14,1.185,-1.95
1678920165.657229,6.299993991851807,4,4.021820373012266,1.8611867989135433,24.5,-0.14,1.185,-1.95
1678920165.7071314,6.349993944168091,4,4.021820373012266,1.5511773381756022,24.5,-0.14,1.185,-1.95
1678920165.7571006,6.399993896484375,4,4.021820373012266,1.9961909189123261,24.5,-0.14,1.185,-1.95
1678920165.8091748,6.449993848800659,4,3.9810960237990654,2.216197632984418,24.5,-0.14,1.169,-1.95
1678920165.8590388,6.499993801116943,4,3.9810960237990654,2.0011910715048664,24.5,-0.14,1.169,-1.95
1678920165.908815,6.5499937534332275,4,3.9810960237990654,2.5362073989074396,24.5,-0.14,1.169,-1.95
1678920165.958573,6.599993705749512,4,3.9810960237990654,2.1161945811334526,24.5,-0.14,1.169,-1.95
1678920166.0090141,6.649993658065796,4,3.9810960237990654,2.0311919870601436,24.5,-0.14,1.169,-1.95
1678920166.0588748,6.69999361038208,4,3.9810960237990654,1.9411892403943123,24.5,-0.14,1.169,-1.95
1678920166.110576,6.749993562698364,4,3.9810960237990654,1.6811813055818268,24.5,-0.14,1.169,-1.95
1678920166.1580153,6.799993515014648,4,3.955497861436482,1.4711748966948512,24.5,-0.14,1.173,-1.93
1678920166.2095144,6.849993467330933,4,3.955497861436482,2.0411922922452597,24.5,-0.14,1.173,-1.93
1678920166.2584176,6.899993419647217,4,4.017747938090946,1.6811813055818268,24.4,-0.13,1.195,-1.8
1678920166.3097746,6.949993371963501,4,4.009021291830975,2.1361951915036492,24.4,-0.14,1.188,-1.84
1678920166.3581583,6.999993324279785,4,4.009021291830975,2.2611990063173337,24.4,-0.14,1.188,-1.84
1678920166.4087644,7.049993276596069,4,4.009021291830975,2.016191529282505,24.4,-0.14,1.188,-1.84
1678920166.4586117,7.0999932289123535,4,4.009021291830975,2.6412106033509275,24.4,-0.14,1.188,-1.84
1678920166.5086277,7.149993181228638,4,4.009021291830975,2.186196717429123,24.4,-0.14,1.188,-1.84
1678920166.558933,7.199993133544922,4,4.031710572106901,1.901188019653919,24.5,-0.14,1.171,-1.91
1678920166.6089096,7.249993085861206,4,3.9560796378538137,2.0911938181707157,24.4,-0.13,1.206,-1.72
1678920166.659191,7.29999303817749,4,3.9560796378538137,1.6761811529892867,24.4,-0.13,1.206,-1.72
1678920166.7084763,7.349992990493774,4,3.9560796378538137,1.8611867989135433,24.4,-0.13,1.206,-1.72
1678920166.7589726,7.399992942810059,4,3.9560796378538137,1.991190766319768,24.4,-0.13,1.206,-1.72
1678920166.809053,7.449992895126343,4,4.01542083242162,1.541177032990504,24.5,-0.13,1.209,-1.68
1678920166.8588352,7.499992847442627,4,4.01542083242162,2.021191681875063,24.5,-0.13,1.209,-1.68
1678920166.908942,7.549992799758911,4,3.993313328563026,2.3712023633533796,24.5,-0.14,1.175,-1.9
1678920166.9593801,7.599992752075195,4,3.993313328563026,1.9411892403943123,24.5,-0.14,1.175,-1.9
1678920167.0078351,7.6499927043914795,4,3.993313328563026,2.596209230017994,24.5,-0.14,1.175,-1.9
1678920167.0575647,7.699992656707764,4,4.031710572106901,1.9711901559495715,24.4,-0.14,1.186,-1.86
1678920167.1079113,7.749992609024048,4,4.031710572106901,2.0911938181707157,24.4,-0.14,1.186,-1.86
1678920167.1575665,7.799992561340332,4,4.031710572106901,2.076193360393077,24.4,-0.14,1.186,-1.86
1678920167.2076235,7.849992513656616,4,4.031710572106901,1.5111761174352267,24.4,-0.14,1.186,-1.86
1678920167.257064,7.8999924659729,4,4.031710572106901,1.5211764226203073,24.4,-0.14,1.186,-1.86
1678920167.3074667,7.949992418289185,4,3.93862634533387,1.8911877144688207,24.5,-0.13,1.194,-1.78
1678920167.3574717,7.999992370605469,4,3.9927315521456945,1.546177185583062,24.5,-0.13,1.202,-1.76
1678920167.4076312,8.049992322921753,4,3.9956404342323517,1.9161884774315574,24.4,-0.14,1.185,-1.86
1678920167.457059,8.099992275238037,4,3.9834231294683913,2.236198243354597,24.5,-0.14,1.168,-1.95
1678920167.5073853,8.149992227554321,4,4.052654523130833,2.046192444837782,24.5,-0.14,1.179,-1.91
1678920167.557487,8.199992179870605,4,4.0148390560042895,2.5362073989074396,24.4,-0.14,1.172,-1.92
1678920167.6076634,8.24999213218689,4,4.0148390560042895,2.066193055207979,24.4,-0.14,1.172,-1.92
1678920167.6571105,8.299992084503174,4,4.0148390560042895,2.05119259743034,24.4,-0.14,1.172,-1.92
1678920167.7088032,8.349992036819458,4,4.0148390560042895,2.0311919870601436,24.4,-0.14,1.172,-1.92
1678920167.7595263,8.399991989135742,4,4.0148390560042895,1.5911785589159955,24.4,-0.14,1.172,-1.92
1678920167.807246,8.449991941452026,4,3.957824967105808,1.8461863411359045,24.5,-0.14,1.167,-1.99
1678920167.857435,8.49999189376831,4,3.957824967105808,1.826185730765708,24.5,-0.14,1.167,-1.99
1678920167.9074063,8.549991846084595,4,3.997385763484346,1.5661777959532406,24.5,-0.13,1.19,-1.82
1678920167.9574177,8.599991798400879,4,3.997385763484346,2.05119259743034,24.5,-0.13,1.19,-1.82
1678920168.007424,8.649991750717163,4,3.997385763484346,2.3862028211310182,24.5,-0.13,1.19,-1.82
1678920168.0572586,8.699991703033447,4,4.045091429705525,2.1061942759483543,24.4,-0.14,1.179,-1.91
1678920168.1078439,8.749991655349731,4,4.045091429705525,2.7612142655720717,24.4,-0.14,1.179,-1.91
1678920168.159402,8.799991607666016,4,4.039855441949541,1.9811904611346873,24.5,-0.14,1.181,-1.87
1678920168.208515,8.8499915599823,4,4.039855441949541,1.8361860359508062,24.5,-0.14,1.181,-1.87
1678920168.2586908,8.899991512298584,4,3.951425426515162,2.1211947337260106,24.4,-0.12,1.213,-1.66
1678920168.3075728,8.949991464614868,4,3.9904044464763686,1.6211794744712726,24.3,-0.13,1.189,-1.82
1678920168.3578696,8.999991416931152,4,3.9904044464763686,1.7461832892849571,24.3,-0.13,1.189,-1.82
1678920168.4075975,9.049991369247437,6,3.9904044464763686,1.9861906137272103,24.3,-0.13,1.189,-1.82
1678920168.4574788,9.09999132156372,6,4.011930173917632,3.8762482937101344,24.5,-0.13,1.209,-1.69
1678920168.5084748,9.149991273880005,6,6.39372282647256,2.1761964122440247,24.5,0.11,2.61,0.24
1678920168.5592878,9.199991226196289,6,6.39372282647256,2.626210145573289,24.5,0.11,2.61,0.24
1678920168.6097114,9.249991178512573,6,5.987061110757882,2.071193207800537,24.4,-0.25,2.053,-1.93
1678920168.6587188,9.299991130828857,6,5.987061110757882,1.9161884774315574,24.4,-0.25,2.053,-1.93
1678920168.7090032,9.349991083145142,6,5.973680253159259,2.5812087722403554,24.4,-0.24,2.071,-1.9
1678920168.7590337,9.399991035461426,6,6.041748093987037,1.9261887826166735,24.5,-0.26,2.031,-2.05
1678920168.8088524,9.44999098777771,6,6.041748093987037,1.8061851203955295,24.5,-0.26,2.031,-2.05
1678920168.8588681,9.499990940093994,6,5.944009655875354,2.081193512985635,24.4,-0.26,2.036,-2.09
1678920168.9089046,9.549990892410278,6,5.944009655875354,1.791184662617873,24.4,-0.26,2.036,-2.09
1678920168.9589663,9.599990844726562,6,5.944009655875354,2.1011941233558318,24.4,-0.26,2.036,-2.09
1678920169.0088809,9.649990797042847,6,5.944009655875354,2.7062125870540576,24.4,-0.26,2.036,-2.09
1678920169.0587838,9.69999074935913,6,5.944009655875354,1.346171081881149,24.4,-0.26,2.036,-2.09
1678920169.1086583,9.749990701675415,6,5.944009655875354,2.54120755149998,24.4,-0.26,2.036,-2.09
1678920169.1584268,9.7999906539917,6,5.944009655875354,1.65618054261909,24.4,-0.26,2.036,-2.09
1678920169.2090805,9.849990606307983,6,6.035348553396392,1.7661838996551538,24.5,-0.24,2.069,-1.84
1678920169.2592957,9.899990558624268,6,6.035348553396392,2.3762025159459377,24.5,-0.24,2.069,-1.84
1678920169.3091574,9.949990510940552,6,6.021967695797768,1.6461802374340095,24.5,-0.24,2.057,-1.87
1678920169.3590677,9.999990463256836,6,6.0382574354830485,1.9161884774315574,24.5,-0.23,2.08,-1.78
1678920169.4090395,10.04999041557312,6,5.927719916190075,2.3062003796502495,24.4,-0.25,2.046,-2.0
1678920169.4591894,10.099990367889404,6,6.032439671309734,1.5111761174352267,24.5,-0.23,2.067,-1.78
1678920169.5089357,10.149990320205688,6,6.032439671309734,1.791184662617873,24.5,-0.23,2.067,-1.78
1678920169.5590813,10.199990272521973,6,5.9655353833166185,2.4412044996490323,24.4,-0.24,2.068,-1.86
1678920169.6098719,10.249990224838257,6,5.9655353833166185,1.6211794744712726,24.4,-0.24,2.068,-1.86
1678920169.6591623,10.299990177154541,6,5.967280712568613,2.3412014477980847,24.4,-0.24,2.069,-1.9
1678920169.7090635,10.349990129470825,6,5.980661570167236,2.0261918344676033,24.4,-0.24,2.057,-1.85
1678920169.7594748,10.39999008178711,6,6.051056516664341,2.066193055207979,24.5,-0.25,2.042,-1.97
1678920169.8092217,10.449990034103394,6,5.984152228671224,3.051223115939816,24.5,-0.24,2.072,-1.9
1678920169.8590202,10.499989986419678,6,6.0469840817430205,1.901188019653919,24.5,-0.24,2.052,-1.9
1678920169.9097664,10.549989938735962,6,6.0469840817430205,1.72118252632222,24.5,-0.24,2.052,-1.9
1678920169.9586108,10.599989891052246,6,6.0469840817430205,2.161195954466386,24.5,-0.24,2.052,-1.9
1678920170.0095117,10.64998984336853,6,6.0469840817430205,1.741183136692399,24.5,-0.24,2.052,-1.9
1678920170.0575097,10.699989795684814,6,6.0469840817430205,2.161195954466386,24.5,-0.24,2.052,-1.9
1678920170.1079962,10.749989748001099,6,6.0469840817430205,2.686211976683861,24.5,-0.24,2.052,-1.9
1678920170.1578388,10.799989700317383,6,6.056874280837655,1.3611715396587876,24.5,-0.24,2.061,-1.87
1678920170.2076735,10.849989652633667,6,6.056874280837655,2.5312072463148994,24.5,-0.24,2.061,-1.87
1678920170.2578628,10.899989604949951,6,5.988224663592544,1.8411861885433467,24.4,-0.26,2.023,-2.05
1678920170.3078663,10.949989557266235,6,6.046402305325689,1.72118252632222,24.4,-0.22,2.083,-1.74
1678920170.3579195,10.99998950958252,6,5.960299395560635,2.356201905575741,24.5,-0.25,2.053,-1.98
1678920170.407693,11.049989461898804,6,5.960299395560635,1.5611776433607005,24.5,-0.25,2.053,-1.98
1678920170.4576502,11.099989414215088,6,6.035930329813723,1.9611898507644907,24.4,-0.23,2.085,-1.76
1678920170.5076692,11.149989366531372,6,6.035930329813723,2.126194886318551,24.4,-0.23,2.085,-1.76
1678920170.5576847,11.199989318847656,6,6.036512106231054,1.771184052247694,24.5,-0.23,2.064,-1.83
1678920170.6078882,11.24998927116394,6,6.036512106231054,1.756183594470038,24.5,-0.23,2.064,-1.83
1678920170.6576586,11.299989223480225,6,6.036512106231054,2.626210145573289,24.5,-0.23,2.064,-1.83
1678920170.707712,11.349989175796509,6,6.036512106231054,1.751183441877515,24.5,-0.23,2.064,-1.83
1678920170.757678,11.399989128112793,6,5.953318078552658,2.321200837427888,24.4,-0.23,2.076,-1.84
1678920170.807709,11.449989080429077,6,5.987642887175213,1.9961909189123261,24.5,-0.24,2.053,-1.88
1678920170.8578184,11.499989032745361,6,6.036512106231054,2.0861936655781754,24.5,-0.24,2.059,-1.86
1678920170.9077966,11.549988985061646,6,5.996951309852516,2.6962122818689593,24.4,-0.24,2.077,-1.84
1678920170.9576936,11.59998893737793,6,5.996951309852516,1.741183136692399,24.4,-0.24,2.077,-1.84
1678920171.0077014,11.649988889694214,6,5.996951309852516,1.9111883248390173,24.4,-0.24,2.077,-1.84
1678920171.0575352,11.699988842010498,6,5.996951309852516,1.9611898507644907,24.4,-0.24,2.077,-1.84
1678920171.1077273,11.749988794326782,6,6.031276118475072,2.0861936655781754,24.4,-0.24,2.039,-1.94
1678920171.1577613,11.799988746643066,6,6.031276118475072,2.131195038911091,24.4,-0.24,2.039,-1.94
1678920171.2077296,11.84998869895935,6,6.031276118475072,2.5262070937223413,24.4,-0.24,2.039,-1.94
1678920171.257807,11.899988651275635,6,6.031276118475072,1.3811721500289842,24.4,-0.24,2.039,-1.94
1678920171.3072212,11.949988603591919,6,5.964953606899287,2.216197632984418,24.4,-0.25,2.059,-2.0
1678920171.3574953,11.999988555908203,6,5.964953606899287,1.9411892403943123,24.4,-0.25,2.059,-2.0
1678920171.4080756,12.049988508224487,8,5.964953606899287,1.5811782537308794,24.4,-0.25,2.059,-2.0
1678920171.4571185,12.099988460540771,8,5.964953606899287,2.54120755149998,24.4,-0.25,2.059,-2.0
1678920171.5073342,12.149988412857056,8,5.964953606899287,2.271199311502432,24.4,-0.25,2.059,-2.0
1678920171.5573578,12.19998836517334,8,8.059348709292482,2.1061942759483543,24.6,-0.39,2.974,-2.29
1678920171.6075132,12.249988317489624,8,8.059348709292482,2.2511987011322354,24.6,-0.39,2.974,-2.29
1678920171.6573782,12.299988269805908,8,8.059348709292482,2.5012063307596044,24.6,-0.39,2.974,-2.29
1678920171.7073693,12.349988222122192,8,7.973245799527429,2.241198395947137,24.5,-0.34,2.958,-1.84
1678920171.7574406,12.399988174438477,8,7.973245799527429,1.8661869515061011,24.5,-0.34,2.958,-1.84
1678920171.807268,12.44998812675476,8,7.987208433543383,1.8211855781731678,24.4,-0.34,2.948,-1.84
1678920171.8575325,12.499988079071045,8,8.03840475826855,2.0261918344676033,24.5,-0.35,2.923,-1.97
1678920171.9073348,12.549988031387329,8,8.033168770512567,2.6412106033509275,24.5,-0.35,2.923,-1.93
1678920171.9577436,12.599987983703613,8,8.033168770512567,1.956189698171933,24.5,-0.35,2.923,-1.93
1678920172.006915,12.649987936019897,8,7.963355600432794,1.6761811529892867,24.4,-0.35,2.934,-1.92
1678920172.05792,12.699987888336182,8,7.959283165511474,1.936189087801754,24.5,-0.33,2.951,-1.82
1678920172.1077693,12.749987840652466,8,7.959283165511474,2.1811965648365828,24.5,-0.33,2.951,-1.82
1678920172.1588838,12.79998779296875,8,8.033168770512567,2.2211977855769405,24.5,-0.37,2.916,-2.06
1678920172.2086678,12.849987745285034,8,8.033168770512567,2.1461954966887298,24.5,-0.37,2.916,-2.06
1678920172.2578557,12.899987697601318,8,8.033168770512567,1.72118252632222,24.5,-0.37,2.916,-2.06
1678920172.3079898,12.949987649917603,8,7.956956059842148,1.88118740928374,24.5,-0.33,2.952,-1.79
1678920172.35909,12.999987602233887,8,7.99418975055136,1.8061851203955295,24.5,-0.34,2.942,-1.88
1678920172.409221,13.049987554550171,8,7.99418975055136,1.9111883248390173,24.5,-0.34,2.942,-1.88
1678920172.4589756,13.099987506866455,8,7.99418975055136,2.3662022107608216,24.5,-0.34,2.942,-1.88
1678920172.508966,13.14998745918274,8,7.99418975055136,2.186196717429123,24.5,-0.34,2.942,-1.88
1678920172.558317,13.199987411499023,8,7.986626657126052,1.6961817633594656,24.5,-0.35,2.932,-1.93
1678920172.609242,13.249987363815308,8,7.9819724457874,1.5711779485457988,24.4,-0.33,2.952,-1.81
1678920172.6590595,13.299987316131592,8,7.9819724457874,2.0111913766899647,24.4,-0.33,2.952,-1.81
1678920172.7089546,13.349987268447876,8,7.9819724457874,2.296200074465169,24.4,-0.33,2.952,-1.81
1678920172.7590508,13.39998722076416,8,7.997098632638018,2.151195649281288,24.5,-0.35,2.924,-1.95
1678920172.8086956,13.449987173080444,8,7.951720072086165,2.0261918344676033,24.5,-0.35,2.945,-1.95
1678920172.8589985,13.499987125396729,8,7.951720072086165,1.4711748966948512,24.5,-0.35,2.945,-1.95
1678920172.9082472,13.549987077713013,8,7.951720072086165,1.8311858833582484,24.5,-0.35,2.945,-1.95
1678920172.9587677,13.599987030029297,8,8.060512262127144,2.0561927500228983,24.5,-0.36,2.913,-2.03
1678920173.0087626,13.649986982345581,8,8.028514559173916,2.4262040418713937,24.5,-0.37,2.911,-2.04
1678920173.0588326,13.699986934661865,8,8.028514559173916,2.4212038892788534,24.5,-0.37,2.911,-2.04
1678920173.1092615,13.74998688697815,8,8.028514559173916,1.8211855781731678,24.5,-0.37,2.911,-2.04
1678920173.1595495,13.799986839294434,8,8.028514559173916,1.8061851203955295,24.5,-0.37,2.911,-2.04
1678920173.209783,13.849986791610718,8,8.03025988842591,2.046192444837782,24.5,-0.34,2.928,-1.89
1678920173.2570117,13.899986743927002,8,8.03025988842591,2.656211061128566,24.5,-0.34,2.928,-1.89
1678920173.3084238,13.949986696243286,8,8.03025988842591,2.076193360393077,24.5,-0.34,2.928,-1.89
1678920173.3573837,13.99998664855957,8,8.03025988842591,1.7961848152104312,24.5,-0.34,2.928,-1.89
1678920173.4073827,14.049986600875854,8,7.924376580471587,1.8611867989135433,24.5,-0.35,2.933,-1.93
1678920173.4571157,14.099986553192139,8,7.924376580471587,1.966190003357049,24.5,-0.35,2.933,-1.93
1678920173.507439,14.149986505508423,8,8.062839367796471,2.0861936655781754,24.4,-0.34,2.935,-1.87
1678920173.5574958,14.199986457824707,8,8.03084166484324,2.5112066359447027,24.5,-0.35,2.922,-1.97
1678920173.607518,14.249986410140991,8,7.996516856220686,2.241198395947137,24.5,-0.35,2.935,-1.92
1678920173.657504,14.299986362457275,8,7.996516856220686,1.871187104098624,24.5,-0.35,2.935,-1.92
1678920173.7075717,14.34998631477356,8,7.996516856220686,2.0411922922452597,24.5,-0.35,2.935,-1.92
1678920173.7574816,14.399986267089844,8,7.996516856220686,2.081193512985635,24.5,-0.35,2.935,-1.92
1678920173.8074138,14.449986219406128,8,7.996516856220686,2.241198395947137,24.5,-0.35,2.935,-1.92
1678920173.8574636,14.499986171722412,8,7.996516856220686,1.9811904611346873,24.5,-0.35,2.935,-1.92
1678920173.9075415,14.549986124038696,8,7.947647637164845,1.756183594470038,24.5,-0.34,2.955,-1.86
1678920173.9590461,14.59998607635498,8,7.932521450314227,2.016191529282505,24.5,-0.35,2.937,-1.91
1678920174.0096142,14.649986028671265,8,8.025605677087258,2.021191681875063,24.5,-0.34,2.945,-1.83
1678920174.057971,14.699985980987549,8,8.073893119725769,2.046192444837782,24.5,-0.33,2.938,-1.85
1678920174.1086817,14.749985933303833,8,8.023278571417933,2.2011971752067616,24.5,-0.35,2.931,-1.93
1678920174.1591299,14.799985885620117,8,8.023278571417933,2.4512048048341306,24.5,-0.35,2.931,-1.93
1678920174.2088192,14.849985837936401,8,7.983717775039395,1.936189087801754,24.4,-0.36,2.924,-2.0
1678920174.2585814,14.899985790252686,8,7.983717775039395,2.0261918344676033,24.4,-0.36,2.924,-2.0
1678920174.308538,14.94998574256897,8,8.041313640355208,2.066193055207979,24.5,-0.35,2.917,-1.95
1678920174.358585,14.999985694885254,8,8.029096335591246,2.4262040418713937,24.5,-0.34,2.943,-1.87
1678920174.4097066,15.049985647201538,10,7.992444421299366,2.151195649281288,24.5,-0.37,2.913,-2.04
1678920174.4591486,15.099985599517822,10,7.992444421299366,2.816215944090086,24.5,-0.37,2.913,-2.04
1678920174.5092165,15.149985551834106,10,7.992444421299366,2.186196717429123,24.5,-0.37,2.913,-2.04
1678920174.5588226,15.19998550415039,10,10.064732019833967,2.186196717429123,24.5,-0.52,3.818,-2.27
1678920174.6094491,15.249985456466675,10,10.064732019833967,1.631179779656371,24.5,-0.52,3.818,-2.27
1678920174.6591408,15.299985408782959,10,9.978629110068914,1.7011819159520234,24.5,-0.44,3.821,-1.86
1678920174.709262,15.349985361099243,10,10.052514715070007,1.7161823737296622,24.4,-0.46,3.788,-1.98
1678920174.7581646,15.399985313415527,10,9.970484240226273,2.1711962596514844,24.5,-0.45,3.84,-1.87
1678920174.807869,15.449985265731812,10,9.973974898730262,2.0011910715048664,24.5,-0.43,3.81,-1.87
1678920174.8587265,15.499985218048096,10,10.03797030463672,1.8011849678029712,24.5,-0.44,3.801,-1.87
1678920174.909115,15.54998517036438,10,10.03797030463672,2.216197632984418,24.5,-0.44,3.801,-1.87
1678920174.9586318,15.599985122680664,10,9.993173520502198,2.6812118240913208,24.5,-0.45,3.817,-1.91
1678920175.0084178,15.649985074996948,10,9.97339312231293,2.0061912240974067,24.5,-0.46,3.781,-2.01
1678920175.0585008,15.699985027313232,10,10.05775070282599,2.071193207800537,24.5,-0.45,3.818,-1.88
1678920175.108692,15.749984979629517,10,10.05775070282599,2.516206788537243,24.5,-0.45,3.818,-1.88
1678920175.1588795,15.7999849319458,10,9.929178114595741,2.1411953440962073,24.5,-0.45,3.81,-1.92
1678920175.2088869,15.849984884262085,10,10.022262341368771,1.9061881722464769,24.5,-0.47,3.782,-2.02
1678920175.2583559,15.89998483657837,10,10.022262341368771,1.9461893929868523,24.5,-0.47,3.782,-2.02
1678920175.3084483,15.949984788894653,10,9.943722525029026,2.2511987011322354,24.5,-0.46,3.818,-1.95
1678920175.3595638,15.999984741210938,10,9.943722525029026,2.071193207800537,24.5,-0.46,3.818,-1.95
1678920175.4082558,16.04998469352722,10,9.943722525029026,1.601178864101076,24.5,-0.46,3.818,-1.95
1678920175.4583724,16.099984645843506,10,9.986773979911554,2.2311980907620566,24.5,-0.44,3.832,-1.83
1678920175.508556,16.14998459815979,10,9.98561042707689,2.491206025574524,24.5,-0.43,3.817,-1.84
1678920175.5589833,16.199984550476074,10,9.98561042707689,1.8311858833582484,24.5,-0.43,3.817,-1.84
1678920175.609276,16.24998450279236,10,10.019935235699446,1.8961878670613785,24.5,-0.45,3.808,-1.92
1678920175.6579041,16.299984455108643,10,10.019935235699446,2.38120266853846,24.5,-0.45,3.808,-1.92
1678920175.7084093,16.349984407424927,10,9.950122065619672,1.8311858833582484,24.5,-0.44,3.832,-1.87
1678920175.7584622,16.39998435974121,10,9.982701544990233,1.741183136692399,24.5,-0.43,3.814,-1.84
1678920175.8089204,16.449984312057495,10,9.982701544990233,1.6811813055818268,24.5,-0.43,3.814,-1.84
1678920175.85747,16.49998426437378,10,9.96990246380894,1.8011849678029712,24.5,-0.47,3.824,-1.97
1678920175.9069932,16.549984216690063,10,9.951867394871666,2.1011941233558318,24.4,-0.45,3.804,-1.92
1678920175.9573927,16.599984169006348,10,9.951867394871666,1.8561866463209853,24.4,-0.45,3.804,-1.92
1678920176.0073376,16.649984121322632,10,10.01760813003012,2.076193360393077,24.5,-0.42,3.856,-1.75
1678920176.0574245,16.699984073638916,10,9.96117581754897,2.291199921872611,24.5,-0.44,3.823,-1.87
1678920176.1073081,16.7499840259552,10,9.96117581754897,1.6961817633594656,24.5,-0.44,3.823,-1.87
1678920176.1574101,16.799983978271484,10,9.96117581754897,2.0061912240974067,24.5,-0.44,3.823,-1.87
1678920176.2075422,16.84998393058777,10,10.039133857471382,2.411203584093755,24.5,-0.43,3.827,-1.84
1678920176.256817,16.899983882904053,10,10.039133857471382,2.241198395947137,24.5,-0.43,3.827,-1.84
1678920176.30738,16.949983835220337,10,10.035643198967394,2.2511987011322354,24.4,-0.43,3.812,-1.84
1678920176.357141,16.99998378753662,10,10.105456369047168,2.1411953440962073,24.5,-0.44,3.816,-1.87
1678920176.4073932,17.049983739852905,10,10.105456369047168,2.1811965648365828,24.5,-0.44,3.816,-1.87
1678920176.4574208,17.09998369216919,10,9.97746555723425,1.9311889352091958,24.5,-0.46,3.792,-1.95
1678920176.5072937,17.149983644485474,10,9.97746555723425,1.6611806952116484,24.5,-0.46,3.792,-1.95
1678920176.55967,17.199983596801758,10,9.97746555723425,2.1411953440962073,24.5,-0.46,3.792,-1.95
1678920176.6094437,17.249983549118042,10,9.979792662903575,2.631210298165829,24.5,-0.47,3.786,-2.03
1678920176.658529,17.299983501434326,10,9.951285618454335,2.071193207800537,24.4,-0.44,3.82,-1.88
1678920176.7090394,17.34998345375061,10,10.065313796251298,1.936189087801754,24.5,-0.43,3.823,-1.8
1678920176.7588348,17.399983406066895,10,10.036224975384727,2.21119748039186,24.5,-0.47,3.798,-1.99
1678920176.8091924,17.44998335838318,10,9.914051927745122,2.0411922922452597,24.5,-0.43,3.843,-1.84
1678920176.8593051,17.499983310699463,10,9.955939829792987,1.9461893929868523,24.4,-0.43,3.815,-1.82
1678920176.9086595,17.549983263015747,10,9.955939829792987,1.7311828315073183,24.4,-0.43,3.815,-1.82
1678920176.9609675,17.59998321533203,10,9.968157134556947,1.9161884774315574,24.4,-0.43,3.854,-1.78
1678920177.0090525,17.649983167648315,10,9.954776276958324,1.8061851203955295,24.4,-0.45,3.808,-1.92
1678920177.0578778,17.6999831199646,10,9.990264638415542,1.7811843574327924,24.5,-0.46,3.777,-1.98
1678920177.1079316,17.749983072280884,10,9.990264638415542,1.9861906137272103,24.5,-0.46,3.777,-1.98
1678920177.1581464,17.799983024597168,10,9.990264638415542,2.1761964122440247,24.5,-0.46,3.777,-1.98
1678920177.207548,17.849982976913452,10,9.990264638415542,1.7011819159520234,24.5,-0.46,3.777,-1.98
1678920177.2576447,17.899982929229736,10,10.031570764046075,1.9161884774315574,24.5,-0.48,3.795,-2.02
1678920177.3075004,17.94998288154602,10,10.031570764046075,2.631210298165829,24.5,-0.48,3.795,-2.02
1678920177.3577352,17.999982833862305,10,9.960012264714306,2.1111944285409123,24.5,-0.45,3.811,-1.91
1678920177.4083693,18.04998278617859,12,9.960012264714306,1.991190766319768,24.5,-0.45,3.811,-1.91
1678920177.4571831,18.099982738494873,12,9.960012264714306,3.791245699636825,24.5,-0.45,3.811,-1.91
1678920177.507405,18.149982690811157,12,12.48492191593277,2.961220369273967,24.6,0.26,5.254,0.63
1678920177.5576,18.19998264312744,12,12.03753585100489,1.9711901559495715,24.6,-0.63,4.706,-2.29
1678920177.6070282,18.249982595443726,12,12.03753585100489,1.686181458174385,24.6,-0.63,4.706,-2.29
1678920177.6573539,18.29998254776001,12,12.03753585100489,2.271199311502432,24.6,-0.63,4.706,-2.29
1678920177.707641,18.349982500076294,12,12.013683017894301,2.5912090774254715,24.5,-0.54,4.683,-1.89
1678920177.7592237,18.399982452392578,12,12.013683017894301,2.1911968700216633,24.5,-0.54,4.683,-1.89
1678920177.809127,18.449982404708862,12,12.006119924468992,1.7811843574327924,24.5,-0.56,4.685,-1.92
1678920177.8592887,18.499982357025146,12,12.049171379351518,2.1161945811334526,24.5,-0.53,4.675,-1.87
1678920177.908822,18.54998230934143,12,11.9933208432877,2.301200227057709,24.5,-0.56,4.694,-1.92
1678920177.9595723,18.599982261657715,12,11.9933208432877,1.8411861885433467,24.5,-0.56,4.694,-1.92
1678920178.0089316,18.649982213974,12,11.9933208432877,1.576178101138339,24.5,-0.56,4.694,-1.92
1678920178.059094,18.699982166290283,12,11.9933208432877,2.5612081618701765,24.5,-0.56,4.694,-1.92
1678920178.1088777,18.749982118606567,12,11.92059879112127,2.596209230017994,24.5,-0.53,4.703,-1.83
1678920178.1588159,18.79998207092285,12,11.92059879112127,1.5911785589159955,24.5,-0.53,4.703,-1.83
1678920178.2105482,18.849982023239136,12,11.92059879112127,1.5911785589159955,24.5,-0.53,4.703,-1.83
1678920178.2580771,18.89998197555542,12,11.92059879112127,2.236198243354597,24.5,-0.53,4.703,-1.83
1678920178.3080575,18.949981927871704,12,11.959577811082477,2.151195649281288,24.5,-0.55,4.691,-1.91
1678920178.3571157,18.99998188018799,12,11.959577811082477,1.6961817633594656,24.5,-0.55,4.691,-1.91
1678920178.4074318,19.049981832504272,12,12.068951777540788,2.1411953440962073,24.4,-0.55,4.66,-1.93
1678920178.457439,19.099981784820557,12,12.068951777540788,2.271199311502432,24.4,-0.55,4.66,-1.93
1678920178.5074296,19.14998173713684,12,12.068951777540788,1.9211886300241157,24.4,-0.55,4.66,-1.93
1678920178.5575266,19.199981689453125,12,12.085241517226068,1.7811843574327924,24.5,-0.51,4.703,-1.76
1678920178.6066337,19.24998164176941,12,12.085241517226068,2.3112005322428075,24.5,-0.51,4.703,-1.76
1678920178.6570766,19.299981594085693,12,11.922925896790597,2.1661961070589264,24.5,-0.53,4.697,-1.85
1678920178.707415,19.349981546401978,12,11.922925896790597,1.7861845100253328,24.5,-0.53,4.697,-1.85
1678920178.757301,19.39998149871826,12,12.083496187974074,1.6411800848414517,24.4,-0.54,4.693,-1.87
1678920178.8073664,19.449981451034546,12,12.083496187974074,2.1111944285409123,24.4,-0.54,4.693,-1.87
1678920178.857482,19.49998140335083,12,11.963068469586466,1.7611837470625957,24.5,-0.54,4.707,-1.85
1678920178.9074552,19.549981355667114,12,11.963068469586466,1.8861875618762802,24.5,-0.54,4.707,-1.85
1678920178.9573739,19.5999813079834,12,11.963068469586466,1.9311889352091958,24.5,-0.54,4.707,-1.85
1678920179.008677,19.649981260299683,12,11.96074136391714,1.8611867989135433,24.5,-0.55,4.695,-1.9
1678920179.0590374,19.699981212615967,12,11.96074136391714,1.741183136692399,24.5,-0.55,4.695,-1.9
1678920179.1081927,19.74998116493225,12,12.077096647383428,1.6461802374340095,24.5,-0.5,4.693,-1.76
1678920179.1581347,19.799981117248535,12,12.077096647383428,2.3712023633533796,24.5,-0.5,4.693,-1.76
1678920179.208552,19.84998106956482,12,11.902563722183995,2.2211977855769405,24.5,-0.53,4.705,-1.83
1678920179.2585444,19.899981021881104,12,12.047426050099524,1.5911785589159955,24.5,-0.52,4.7,-1.78
1678920179.3081524,19.949980974197388,12,12.047426050099524,2.236198243354597,24.5,-0.52,4.7,-1.78
1678920179.358153,19.999980926513672,12,11.991575514035706,2.206197327799302,24.5,-0.55,4.685,-1.93
1678920179.4085195,20.049980878829956,12,11.954923599743825,1.9861906137272103,24.5,-0.53,4.707,-1.83
1678920179.458436,20.09998083114624,12,11.954923599743825,1.6361799322489112,24.5,-0.53,4.707,-1.83
1678920179.508401,20.149980783462524,12,12.04568072084753,2.0111913766899647,24.5,-0.56,4.657,-1.96
1678920179.5585089,20.19998073577881,12,12.04568072084753,2.0311919870601436,24.5,-0.56,4.657,-1.96
1678920179.6100128,20.249980688095093,12,12.04568072084753,1.5311767278054234,24.5,-0.56,4.657,-1.96
1678920179.6594896,20.299980640411377,12,12.04568072084753,1.7061820685445817,24.5,-0.56,4.657,-1.96
1678920179.709362,20.34998059272766,12,11.999138607461015,2.5912090774254715,24.5,-0.56,4.685,-1.93
1678920179.759143,20.399980545043945,12,11.999138607461015,2.2761994640949723,24.5,-0.56,4.685,-1.93
1678920179.8091493,20.44998049736023,12,12.048007826516857,1.2211672670674822,24.5,-0.52,4.698,-1.78
1678920179.8591013,20.499980449676514,12,12.028227428327588,2.291199921872611,24.5,-0.51,4.718,-1.76
1678920179.908667,20.549980401992798,12,12.028227428327588,2.486205872981966,24.5,-0.51,4.718,-1.76
1678920179.958773,20.599980354309082,12,12.01775545281562,1.771184052247694,24.5,-0.55,4.689,-1.9
