loop time,Output Velocity D1,Futek Torque,V_BUS D1,I_Bus D1,V_q D1,I_q D1,Output Velocity D2,V_BUS D2,I_Bus D2,V_q D2,I_q D2,max_velocity,max_current
0.000988006591796875,0.9500408895022466,-1780.6192206549274,24.5,0.14,0.965,2.35,-1.0111274133220483,24.3,0.0,-0.17,1.03,1,1
0.006031990051269531,0.9500408895022466,-1780.6192206549274,24.5,0.14,0.965,2.35,-1.0111274133220483,24.3,0.0,-0.17,1.03,1,1
0.011239051818847656,0.9884381330461219,-1780.6192206549274,24.4,0.14,0.984,2.28,-1.0419615634406147,24.3,0.0,-0.163,0.97,1,1
0.015955448150634766,0.9884381330461219,-1780.6192206549274,24.4,0.14,0.984,2.28,-1.0419615634406147,24.3,0.0,-0.163,0.97,1,1
0.021074295043945312,0.9773843811168245,-1780.6192206549274,24.4,0.14,0.989,2.24,-1.0245082709206714,24.3,0.0,-0.132,0.97,1,1
0.02698349952697754,0.9773843811168245,-1780.6192206549274,24.4,0.14,0.989,2.24,-1.0169451774953626,24.3,0.0,-0.146,1.04,1,1
0.031118154525756836,0.9773843811168245,-1780.6192206549274,24.4,0.14,0.989,2.24,-1.0169451774953626,24.3,0.0,-0.146,1.04,1,1
0.03600931167602539,1.0076367548180596,-1780.6192206549274,24.4,0.14,0.972,2.28,-1.0169451774953626,24.3,0.0,-0.146,1.04,1,1
0.04116487503051758,0.9884381330461219,-1780.6192206549274,24.5,0.15,0.988,2.43,-1.0117091897393797,24.3,0.0,-0.14,0.92,1,1
0.04600405693054199,0.9791297103688188,-1780.6192206549274,24.4,0.17,1.017,2.61,-1.0117091897393797,24.3,0.0,-0.14,0.92,1,1
0.051969051361083984,0.9791297103688188,-1780.6192206549274,24.4,0.17,1.017,2.61,-0.9605128650142126,24.3,0.0,-0.102,1.03,1,1
0.05607962608337402,0.9791297103688188,-1780.6192206549274,24.4,0.17,1.017,2.61,-0.9605128650142126,24.3,0.0,-0.102,1.03,1,1
0.060967206954956055,0.9791297103688188,-1780.6192206549274,24.4,0.17,1.017,2.61,-0.9605128650142126,24.3,0.0,-0.102,1.03,1,1
0.06599044799804688,0.9994918849754193,-1780.6192206549274,24.4,0.18,1.019,2.77,-1.0111274133220483,24.3,0.0,-0.146,1.06,1,1
0.07172393798828125,0.9994918849754193,-1780.6192206549274,24.4,0.18,1.019,2.77,-1.0530153153699122,24.3,0.0,-0.166,0.99,1,1
0.07599210739135742,0.9994918849754193,-1780.6192206549274,24.4,0.18,1.019,2.77,-1.0530153153699122,24.3,0.0,-0.166,0.99,1,1
0.08091092109680176,0.9983283321407564,-1780.6192206549274,24.4,0.14,0.975,2.29,-1.0530153153699122,24.3,0.0,-0.166,0.99,1,1
0.08597898483276367,0.9925105679674421,-1780.6192206549274,24.4,0.16,1.003,2.46,-0.9948376736367678,24.3,0.0,-0.105,0.93,1,1
0.09096980094909668,0.9837839217074704,-1780.6192206549274,24.4,0.17,1.027,2.63,-0.9576039829275554,24.3,0.0,-0.096,0.98,1,1
0.09601879119873047,0.9837839217074704,-1780.6192206549274,24.4,0.17,1.027,2.63,-0.9576039829275554,24.3,0.0,-0.096,0.98,1,1
0.10103321075439453,0.9837839217074704,-1780.6192206549274,24.4,0.17,1.027,2.63,-0.9576039829275554,24.3,0.0,-0.096,0.98,1,1
0.10601687431335449,0.9837839217074704,-1780.6192206549274,24.4,0.17,1.027,2.63,-0.9965830028887621,24.3,0.0,-0.157,1.01,1,1
0.1109464168548584,0.9837839217074704,-1780.6192206549274,24.4,0.17,1.027,2.63,-0.9715666169435101,24.3,0.0,-0.142,0.94,1,1
0.1160423755645752,0.9901834622981163,-1780.6192206549274,24.4,0.17,1.011,2.64,-0.9605128650142126,24.3,0.0,-0.12,0.96,1,1
0.12104105949401855,0.9901834622981163,-1780.6192206549274,24.4,0.17,1.011,2.64,-0.9605128650142126,24.3,0.0,-0.12,0.96,1,1
0.12619853019714355,0.9837839217074704,-1780.6192206549274,24.4,0.17,1.023,2.61,-0.9605128650142126,24.3,0.0,-0.12,0.96,1,1
0.13098430633544922,0.9960012264714307,-1780.6192206549274,24.4,0.16,0.999,2.47,-0.9948376736367678,24.2,0.0,-0.148,1.05,1,1
0.13702797889709473,0.9960012264714307,-1780.6192206549274,24.4,0.16,0.999,2.47,-1.0378891285192946,24.3,0.0,-0.187,0.98,1,1
0.14102864265441895,0.9960012264714307,-1780.6192206549274,24.4,0.16,0.999,2.47,-1.0378891285192946,24.3,0.0,-0.187,0.98,1,1
0.14617514610290527,0.9960012264714307,-1780.6192206549274,24.4,0.16,0.999,2.47,-1.014618071826037,24.3,0.0,-0.157,0.92,1,1
0.15100336074829102,0.9960012264714307,-1780.6192206549274,24.4,0.16,0.999,2.47,-1.014618071826037,24.3,0.0,-0.157,0.92,1,1
0.15600013732910156,0.9954194500540993,-1780.6192206549274,24.4,0.15,0.996,2.42,-0.9529497715889039,24.3,0.0,-0.102,0.96,1,1
0.16091465950012207,0.9983283321407564,-1780.6192206549274,24.4,0.14,0.986,2.28,-0.9645852999355328,24.3,0.0,-0.114,1.03,1,1
0.1660621166229248,0.9983283321407564,-1780.6192206549274,24.4,0.14,0.986,2.28,-0.9645852999355328,24.3,0.0,-0.114,1.03,1,1
0.17099475860595703,1.0140362954087054,-1780.6192206549274,24.3,0.14,0.974,2.3,-0.9971647793060936,24.3,0.0,-0.152,1.06,1,1
0.17593693733215332,1.0140362954087054,-1780.6192206549274,24.3,0.14,0.974,2.3,-0.9971647793060936,24.3,0.0,-0.152,1.06,1,1
0.18104839324951172,1.0064732019833966,-1780.6192206549274,24.4,0.13,0.958,2.16,-0.9971647793060936,24.3,0.0,-0.152,1.06,1,1
0.18676066398620605,0.9965830028887621,-1780.6192206549274,24.5,0.15,0.992,2.44,-0.9971647793060936,24.3,0.0,-0.152,1.06,1,1
0.19184398651123047,1.0053096491487339,-1780.6192206549274,24.4,0.13,0.963,2.14,-1.0390526813539576,24.3,0.0,-0.136,0.97,1,1
0.1988966464996338,1.0053096491487339,-1780.6192206549274,24.4,0.13,0.963,2.14,-1.0309078115113173,24.3,0.0,-0.146,1.02,1,1
0.20407390594482422,1.012290966156711,-1780.6192206549274,24.4,0.13,0.95,2.09,-1.0309078115113173,24.3,0.0,-0.146,1.02,1,1
0.20839595794677734,1.012290966156711,-1780.6192206549274,24.4,0.13,0.95,2.09,-1.0309078115113173,24.3,0.0,-0.146,1.02,1,1
0.21298646926879883,1.017526953912694,-1780.6192206549274,24.4,0.11,0.927,1.92,-1.0309078115113173,24.3,0.0,-0.146,1.02,1,1
0.21965742111206055,1.0047278727314024,-1780.6192206549274,24.4,0.14,0.967,2.22,-1.0105456369047168,24.3,0.0,-0.111,0.92,1,1
0.22331619262695312,1.0047278727314024,-1780.6192206549274,24.4,0.14,0.967,2.22,-1.0105456369047168,24.3,0.0,-0.111,0.92,1,1
0.22856974601745605,0.9797114867861503,-1780.6192206549274,24.4,0.16,1.006,2.55,-0.9762208282821616,24.2,0.0,-0.092,0.98,1,1
0.23397016525268555,0.9994918849754193,-1780.6192206549274,24.4,0.15,0.987,2.35,-0.9721483933608415,24.3,0.0,-0.104,1.03,1,1
0.23862648010253906,0.9965830028887621,-1780.6192206549274,24.5,0.15,0.99,2.36,-0.9721483933608415,24.3,0.0,-0.104,1.03,1,1
0.24408698081970215,1.0204358359993513,-1780.6192206549274,24.4,0.12,0.926,1.95,-0.9721483933608415,24.3,0.0,-0.104,1.03,1,1
0.24765586853027344,1.0204358359993513,-1780.6192206549274,24.4,0.12,0.926,1.95,-0.9721483933608415,24.3,0.0,-0.104,1.03,1,1
0.25435566902160645,1.0047278727314024,-1780.6192206549274,24.4,0.13,0.95,2.09,-1.008218531235391,24.3,0.0,-0.11,0.92,1,1
0.2622859477996826,0.9965830028887621,-1780.6192206549274,24.4,0.12,0.951,2.05,-1.008218531235391,24.3,0.0,-0.11,0.92,1,1
0.2665078639984131,0.9965830028887621,-1780.6192206549274,24.4,0.12,0.951,2.05,-1.008218531235391,24.3,0.0,-0.11,0.92,1,1
0.2726874351501465,0.9965830028887621,-1780.6192206549274,24.4,0.12,0.951,2.05,-1.008218531235391,24.3,0.0,-0.11,0.92,1,1
0.2801339626312256,1.0111274133220483,-1780.6192206549274,24.4,0.12,0.941,2.02,-0.9861110273767961,24.3,0.0,-0.152,1.02,1,1
0.2839622497558594,1.0111274133220483,-1780.6192206549274,24.4,0.12,0.941,2.02,-0.9861110273767961,24.3,0.0,-0.152,1.02,1,1
0.2863173484802246,1.0111274133220483,-1780.6192206549274,24.4,0.12,0.941,2.02,-0.9861110273767961,24.3,0.0,-0.152,1.02,1,1
0.29454660415649414,0.9930923443847735,-1780.6192206549274,24.4,0.13,0.977,2.15,-0.9477137838329209,24.2,0.0,-0.108,0.95,1,1
0.2964150905609131,0.9930923443847735,-1780.6192206549274,24.4,0.13,0.977,2.15,-0.9477137838329209,24.2,0.0,-0.108,0.95,1,1
0.30051183700561523,0.9930923443847735,-1780.6192206549274,24.3,0.16,0.999,2.44,-0.9477137838329209,24.2,0.0,-0.108,0.95,1,1
0.3037984371185303,0.9861110273767961,-1780.6192206549274,24.4,0.15,0.996,2.4,-0.9477137838329209,24.2,0.0,-0.108,0.95,1,1
0.307631254196167,0.9861110273767961,-1780.6192206549274,24.4,0.15,0.996,2.4,-0.9535315480062353,24.3,0.0,-0.14,1.04,1,1
0.3113389015197754,0.9971647793060936,-1780.6192206549274,24.4,0.14,0.978,2.28,-0.9535315480062353,24.3,0.0,-0.14,1.04,1,1
0.3161044120788574,0.9989101085580879,-1780.6192206549274,24.4,0.15,0.983,2.39,-0.9535315480062353,24.3,0.0,-0.14,1.04,1,1
0.3210725784301758,0.9919287915501106,-1780.6192206549274,24.4,0.15,0.994,2.44,-0.9535315480062353,24.3,0.0,-0.14,1.04,1,1
0.32591700553894043,0.9919287915501106,-1780.6192206549274,24.4,0.15,0.994,2.44,-0.9535315480062353,24.3,0.0,-0.14,1.04,1,1
0.330918550491333,0.9919287915501106,-1780.6192206549274,24.4,0.15,0.994,2.44,-0.9535315480062353,24.3,0.0,-0.14,1.04,1,1
0.3359839916229248,0.9896016858807848,-1780.6192206549274,24.4,0.16,1.01,2.46,-0.9523679951715724,24.3,0.0,-0.108,0.99,1,1
0.34093379974365234,0.9896016858807848,-1780.6192206549274,24.4,0.16,1.01,2.46,-0.9523679951715724,24.3,0.0,-0.108,0.99,1,1
0.3459327220916748,0.9896016858807848,-1780.6192206549274,24.4,0.16,1.01,2.46,-0.9523679951715724,24.3,0.0,-0.108,0.99,1,1
0.3509988784790039,0.9896016858807848,-1780.6192206549274,24.4,0.16,1.01,2.46,-0.9861110273767961,24.3,0.0,-0.16,1.03,1,1
0.35599184036254883,0.9896016858807848,-1780.6192206549274,24.4,0.16,1.01,2.46,-0.9861110273767961,24.3,0.0,-0.16,1.03,1,1
0.3609960079193115,0.9896016858807848,-1780.6192206549274,24.4,0.16,1.01,2.46,-1.0053096491487339,24.3,0.0,-0.147,0.97,1,1
0.36602163314819336,0.9989101085580879,-1780.6192206549274,24.5,0.15,0.993,2.31,-1.0053096491487339,24.3,0.0,-0.147,0.97,1,1
0.3709757328033447,0.9989101085580879,-1780.6192206549274,24.5,0.15,0.993,2.31,-1.0053096491487339,24.3,0.0,-0.147,0.97,1,1
0.37593770027160645,0.9989101085580879,-1780.6192206549274,24.5,0.15,0.993,2.31,-1.0053096491487339,24.3,0.0,-0.147,0.97,1,1
0.3811380863189697,1.0035643198967394,-1780.6192206549274,24.4,0.16,1.002,2.49,-1.0053096491487339,24.3,0.0,-0.147,0.97,1,1
0.38585424423217773,1.0035643198967394,-1780.6192206549274,24.4,0.16,1.002,2.49,-1.055342421039238,24.3,0.0,-0.179,1.03,1,1
0.39090538024902344,1.0035643198967394,-1780.6192206549274,24.4,0.16,1.002,2.49,-1.055342421039238,24.3,0.0,-0.179,1.03,1,1
0.39616942405700684,1.0006554378100823,-1780.6192206549274,24.4,0.16,0.999,2.51,-1.055342421039238,24.3,0.0,-0.179,1.03,1,1
0.40087175369262695,1.002982543479408,-1780.6192206549274,24.4,0.16,1.013,2.52,-1.0105456369047168,24.3,0.0,-0.116,0.96,1,1
0.4059944152832031,0.9942558972194364,-1780.6192206549274,24.4,0.15,1.004,2.32,-1.0105456369047168,24.3,0.0,-0.116,0.96,1,1
0.4116783142089844,0.9942558972194364,-1780.6192206549274,24.4,0.17,1.021,2.61,-1.02392649450334,24.3,0.0,-0.15,1.07,1,1
0.4159231185913086,0.9971647793060936,-1780.6192206549274,24.4,0.16,0.996,2.47,-1.02392649450334,24.3,0.0,-0.15,1.07,1,1
0.42101359367370605,0.9971647793060936,-1780.6192206549274,24.4,0.16,0.996,2.47,-1.0419615634406147,24.3,0.0,-0.17,1.03,1,1
0.4260087013244629,1.0204358359993513,-1780.6192206549274,24.4,0.13,0.949,2.13,-1.0722139371418498,24.3,0.0,-0.169,0.98,1,1
0.4309229850769043,1.0204358359993513,-1780.6192206549274,24.4,0.13,0.949,2.13,-1.055342421039238,24.3,0.0,-0.141,0.92,1,1
0.43598484992980957,0.9971647793060936,-1780.6192206549274,24.5,0.14,0.98,2.31,-1.0198540595820198,24.3,0.0,-0.117,0.94,1,1
0.4412801265716553,0.9878563566287905,-1780.6192206549274,24.4,0.16,1.015,2.49,-0.9983283321407564,24.3,0.0,-0.113,1.0,1,1
0.4461052417755127,0.9878563566287905,-1780.6192206549274,24.4,0.16,1.015,2.49,-0.9983283321407564,24.3,0.0,-0.113,1.0,1,1
0.45107221603393555,0.9878563566287905,-1780.6192206549274,24.4,0.16,1.015,2.49,-0.9983283321407564,24.3,0.0,-0.113,1.0,1,1
0.4560234546661377,0.9878563566287905,-1780.6192206549274,24.4,0.16,1.015,2.49,-1.0140362954087054,24.3,0.0,-0.155,1.0,1,1
0.4611332416534424,0.9878563566287905,-1780.6192206549274,24.4,0.16,1.015,2.49,-1.0140362954087054,24.3,0.0,-0.155,1.0,1,1
0.466076135635376,1.007054978400728,-1780.6192206549274,24.4,0.14,0.967,2.29,-0.9704030641088472,24.3,0.0,-0.115,0.95,1,1
0.4710559844970703,1.007054978400728,-1780.6192206549274,24.4,0.14,0.967,2.29,-0.9389871375729493,24.3,0.0,-0.097,0.96,1,1
0.47588276863098145,1.007054978400728,-1780.6192206549274,24.4,0.14,0.967,2.29,-0.9360782554862921,24.3,0.0,-0.102,1.01,1,1
0.48107266426086426,0.9826203688728075,-1780.6192206549274,24.4,0.16,1.008,2.48,-0.9459684545809266,24.3,0.0,-0.119,1.04,1,1
0.48595452308654785,1.012290966156711,-1780.6192206549274,24.4,0.15,0.973,2.33,-0.9837839217074704,24.3,0.0,-0.153,1.1,1,1
0.4910891056060791,1.0099638604873853,-1780.6192206549274,24.3,0.13,0.95,2.14,-0.9837839217074704,24.3,0.0,-0.153,1.1,1,1
0.49604058265686035,1.0099638604873853,-1780.6192206549274,24.3,0.13,0.95,2.14,-0.9837839217074704,24.3,0.0,-0.153,1.1,1,1
0.5010843276977539,0.9989101085580879,-1780.6192206549274,24.4,0.15,0.987,2.41,-0.9837839217074704,24.3,0.0,-0.153,1.1,1,1
0.5058977603912354,0.9989101085580879,-1780.6192206549274,24.4,0.15,0.987,2.41,-0.9779661575341559,24.3,0.0,-0.126,0.98,1,1
0.5110716819763184,0.9866928037941276,-1780.6192206549274,24.4,0.15,0.999,2.34,-0.9779661575341559,24.3,0.0,-0.126,0.98,1,1
0.5160200595855713,0.9907652387154477,-1780.6192206549274,24.4,0.16,1.002,2.44,-0.9523679951715724,24.3,0.0,-0.12,1.01,1,1
0.5212643146514893,0.9907652387154477,-1780.6192206549274,24.4,0.16,1.002,2.44,-0.9599310885968813,24.2,0.0,-0.131,1.03,1,1
0.5260334014892578,1.0006554378100823,-1780.6192206549274,24.3,0.15,0.978,2.34,-0.9599310885968813,24.2,0.0,-0.131,1.03,1,1
0.5310301780700684,0.9861110273767961,-1780.6192206549274,24.4,0.16,1.001,2.54,-0.9599310885968813,24.2,0.0,-0.131,1.03,1,1
0.5360157489776611,0.9884381330461219,-1780.6192206549274,24.4,0.18,1.02,2.75,-0.9599310885968813,24.2,0.0,-0.131,1.03,1,1
0.5410451889038086,0.9832021452901389,-1780.6192206549274,24.3,0.18,1.025,2.69,-0.9488773366675838,24.3,0.0,-0.106,0.95,1,1
0.5464611053466797,0.9768026046994931,-1780.6192206549274,24.4,0.18,1.04,2.73,-0.9424777960769379,24.3,0.0,-0.093,0.98,1,1
0.5509755611419678,0.9768026046994931,-1780.6192206549274,24.4,0.18,1.04,2.73,-0.9424777960769379,24.3,0.0,-0.093,0.98,1,1
0.555980920791626,0.9861110273767961,-1780.6192206549274,24.4,0.21,1.057,3.11,-0.9424777960769379,24.3,0.0,-0.093,0.98,1,1
0.5610153675079346,0.9861110273767961,-1780.6192206549274,24.4,0.21,1.057,3.11,-0.9424777960769379,24.3,0.0,-0.093,0.98,1,1
0.5659329891204834,0.9861110273767961,-1780.6192206549274,24.4,0.21,1.057,3.11,-0.9424777960769379,24.3,0.0,-0.093,0.98,1,1
0.5709741115570068,0.9861110273767961,-1780.6192206549274,24.4,0.21,1.057,3.11,-0.9424777960769379,24.3,0.0,-0.093,0.98,1,1
0.5760364532470703,0.9866928037941276,-1780.6192206549274,24.4,0.18,1.032,2.68,-0.9424777960769379,24.3,0.0,-0.093,0.98,1,1
0.5809991359710693,0.9861110273767961,-1780.6192206549274,24.4,0.18,1.04,2.69,-0.9855292509594648,24.3,0.0,-0.103,0.97,1,1
0.5860357284545898,0.9861110273767961,-1780.6192206549274,24.4,0.18,1.04,2.69,-0.9634217471008699,24.3,0.0,-0.101,1.01,1,1
0.5909645557403564,1.008218531235391,-1780.6192206549274,24.4,0.18,1.021,2.75,-0.9634217471008699,24.3,0.0,-0.101,1.01,1,1
0.5960173606872559,1.008218531235391,-1780.6192206549274,24.4,0.18,1.021,2.75,-0.9634217471008699,24.3,0.0,-0.101,1.01,1,1
0.601435661315918,1.008218531235391,-1780.6192206549274,24.4,0.18,1.021,2.75,-1.0425433398579462,24.2,0.0,-0.163,0.99,1,1
0.6059889793395996,0.9989101085580879,-1780.6192206549274,24.4,0.17,1.02,2.68,-1.0425433398579462,24.2,0.0,-0.163,0.99,1,1
0.6109449863433838,0.9989101085580879,-1780.6192206549274,24.4,0.17,1.02,2.68,-1.0157816246606997,24.3,0.0,-0.122,0.96,1,1
0.6166117191314697,0.9826203688728075,-1780.6192206549274,24.4,0.17,1.029,2.62,-1.0024007670620765,24.2,0.0,-0.111,0.99,1,1
0.6210827827453613,0.9907652387154477,-1780.6192206549274,24.4,0.18,1.037,2.74,-0.9843656981248018,24.3,0.0,-0.117,1.02,1,1
0.6259572505950928,1.0088003076527225,-1780.6192206549274,24.4,0.17,1.012,2.6,-0.9843656981248018,24.3,0.0,-0.117,1.02,1,1
0.6310245990753174,1.0268353765899971,-1780.6192206549274,24.4,0.14,0.971,2.3,-0.9843656981248018,24.3,0.0,-0.117,1.02,1,1
0.6360204219818115,1.0268353765899971,-1780.6192206549274,24.4,0.14,0.971,2.3,-0.9843656981248018,24.3,0.0,-0.117,1.02,1,1
0.6410117149353027,1.0268353765899971,-1780.6192206549274,24.4,0.14,0.971,2.3,-0.9785479339514874,24.2,0.0,-0.125,0.91,1,1
0.646024227142334,1.0268353765899971,-1780.6192206549274,24.4,0.14,0.971,2.3,-0.9785479339514874,24.2,0.0,-0.125,0.91,1,1
0.6510295867919922,0.9919287915501106,-1780.6192206549274,24.4,0.17,1.03,2.63,-0.9785479339514874,24.2,0.0,-0.125,0.91,1,1
0.6559514999389648,0.9919287915501106,-1780.6192206549274,24.4,0.17,1.03,2.63,-0.9494591130849153,24.3,0.0,-0.117,1.04,1,1
0.6609361171722412,1.0088003076527225,-1780.6192206549274,24.4,0.17,1.009,2.6,-0.9750572754474988,24.2,0.0,-0.14,1.06,1,1
0.6659977436065674,1.0093820840700538,-1780.6192206549274,24.5,0.15,0.98,2.32,-0.9971647793060936,24.3,0.0,-0.167,1.06,1,1
0.6709260940551758,1.018690506747357,-1780.6192206549274,24.4,0.14,0.974,2.3,-1.0088003076527225,24.3,0.0,-0.173,0.99,1,1
0.676018476486206,0.9994918849754193,-1780.6192206549274,24.4,0.16,1.001,2.5,-1.0088003076527225,24.3,0.0,-0.173,0.99,1,1
0.6809685230255127,1.002982543479408,-1780.6192206549274,24.3,0.16,1.001,2.46,-0.9849474745421333,24.3,0.0,-0.128,0.94,1,1
0.6859536170959473,0.9890199094634534,-1780.6192206549274,24.4,0.15,1.017,2.39,-0.9669124056048586,24.3,0.0,-0.118,0.98,1,1
0.6909551620483398,0.9890199094634534,-1780.6192206549274,24.4,0.15,1.017,2.39,-0.9616764178488756,24.3,0.0,-0.128,1.04,1,1
0.695958137512207,0.9890199094634534,-1780.6192206549274,24.4,0.15,1.017,2.39,-0.9762208282821616,24.3,0.0,-0.145,1.03,1,1
0.7009871006011963,1.0099638604873853,-1780.6192206549274,24.4,0.15,0.981,2.33,-0.9762208282821616,24.3,0.0,-0.145,1.03,1,1
0.7059905529022217,1.0099638604873853,-1780.6192206549274,24.4,0.15,0.981,2.33,-0.9762208282821616,24.3,0.0,-0.145,1.03,1,1
0.7109584808349609,1.0058914255660651,-1780.6192206549274,24.4,0.16,1.008,2.49,-0.9965830028887621,24.3,0.0,-0.149,0.96,1,1
0.7159826755523682,0.997746555723425,-1780.6192206549274,24.4,0.14,0.99,2.3,-0.9936741208021049,24.3,0.0,-0.136,0.96,1,1
0.721318244934082,0.997746555723425,-1780.6192206549274,24.4,0.14,0.99,2.3,-0.9989101085580879,24.3,0.0,-0.124,0.97,1,1
0.7259411811828613,0.9942558972194364,-1780.6192206549274,24.4,0.17,1.021,2.53,-0.9989101085580879,24.3,0.0,-0.124,0.97,1,1
0.7310371398925781,1.0088003076527225,-1780.6192206549274,24.4,0.15,0.997,2.4,-0.9989101085580879,24.3,0.0,-0.124,0.97,1,1
0.73602294921875,1.0198540595820198,-1780.6192206549274,24.4,0.14,0.969,2.18,-0.9989101085580879,24.3,0.0,-0.124,0.97,1,1
0.7410244941711426,1.007054978400728,-1780.6192206549274,24.4,0.13,0.972,2.17,-1.068723278637861,24.3,0.0,-0.184,0.97,1,1
0.7459585666656494,1.0076367548180596,-1780.6192206549274,24.4,0.14,0.988,2.3,-1.068723278637861,24.3,0.0,-0.184,0.97,1,1
0.7516946792602539,1.0076367548180596,-1780.6192206549274,24.4,0.14,0.988,2.3,-1.0064732019833966,24.3,0.0,-0.121,0.98,1,1
0.7560098171234131,1.0076367548180596,-1780.6192206549274,24.4,0.14,0.988,2.3,-1.0064732019833966,24.3,0.0,-0.121,0.98,1,1
0.7609834671020508,1.0076367548180596,-1780.6192206549274,24.4,0.14,0.988,2.3,-0.9832021452901389,24.3,0.0,-0.116,0.99,1,1
0.7659921646118164,1.0076367548180596,-1780.6192206549274,24.4,0.14,0.988,2.3,-0.9832021452901389,24.3,0.0,-0.116,0.99,1,1
0.771007776260376,1.0088003076527225,-1780.6192206549274,24.5,0.16,0.994,2.47,-1.004146096314071,24.3,0.0,-0.157,1.09,1,1
0.776024580001831,1.0088003076527225,-1780.6192206549274,24.5,0.16,0.994,2.47,-1.0320713643459802,24.3,0.0,-0.17,0.99,1,1
0.7816340923309326,1.0088003076527225,-1780.6192206549274,24.5,0.16,0.994,2.47,-1.007054978400728,24.3,0.0,-0.115,0.93,1,1
0.7864065170288086,1.0088003076527225,-1780.6192206549274,24.5,0.16,0.994,2.47,-1.007054978400728,24.3,0.0,-0.115,0.93,1,1
0.7910325527191162,1.0088003076527225,-1780.6192206549274,24.5,0.16,0.994,2.47,-1.007054978400728,24.3,0.0,-0.115,0.93,1,1
0.7959988117218018,1.0088003076527225,-1780.6192206549274,24.5,0.16,0.994,2.47,-1.007054978400728,24.3,0.0,-0.115,0.93,1,1
0.8011524677276611,0.9849474745421333,-1780.6192206549274,24.5,0.17,1.022,2.65,-1.007054978400728,24.3,0.0,-0.115,0.93,1,1
0.8060348033905029,0.9849474745421333,-1780.6192206549274,24.5,0.17,1.022,2.65,-1.007054978400728,24.3,0.0,-0.115,0.93,1,1
0.8110682964324951,0.9849474745421333,-1780.6192206549274,24.5,0.17,1.022,2.65,-1.025090047338003,24.3,0.0,-0.154,0.96,1,1
0.8160467147827148,1.0047278727314024,-1780.6192206549274,24.4,0.15,0.985,2.44,-1.025090047338003,24.3,0.0,-0.154,0.96,1,1
0.8209505081176758,1.0047278727314024,-1780.6192206549274,24.4,0.15,0.985,2.44,-0.9756390518648301,24.3,0.0,-0.098,0.91,1,1
0.8260307312011719,0.9837839217074704,-1780.6192206549274,24.4,0.18,1.037,2.68,-0.9756390518648301,24.3,0.0,-0.098,0.91,1,1
0.8310565948486328,0.9756390518648301,-1780.6192206549274,24.4,0.2,1.052,2.9,-0.9756390518648301,24.3,0.0,-0.098,0.91,1,1
0.8359196186065674,1.0099638604873853,-1780.6192206549274,24.4,0.16,0.991,2.49,-0.9814568160381446,24.3,0.0,-0.146,1.09,1,1
0.841134786605835,1.002982543479408,-1780.6192206549274,24.3,0.15,0.982,2.35,-1.0058914255660651,24.3,0.0,-0.169,1.04,1,1
0.8460302352905273,1.0105456369047168,-1780.6192206549274,24.4,0.16,0.992,2.47,-1.0099638604873853,24.3,0.0,-0.166,0.97,1,1
0.8510735034942627,1.0105456369047168,-1780.6192206549274,24.4,0.16,0.992,2.47,-0.9832021452901389,24.3,0.0,-0.135,0.9,1,1
0.8560528755187988,1.0024007670620765,-1780.6192206549274,24.4,0.16,0.992,2.48,-0.9832021452901389,24.3,0.0,-0.135,0.9,1,1
0.8610694408416748,1.0024007670620765,-1780.6192206549274,24.4,0.16,0.992,2.48,-0.9832021452901389,24.3,0.0,-0.135,0.9,1,1
0.8660545349121094,0.9960012264714307,-1780.6192206549274,24.4,0.16,1.011,2.52,-0.9721483933608415,24.3,0.0,-0.128,1.02,1,1
0.8710341453552246,1.014618071826037,-1780.6192206549274,24.4,0.16,0.994,2.45,-0.9802932632034818,24.3,0.0,-0.142,1.04,1,1
0.8759300708770752,1.014618071826037,-1780.6192206549274,24.4,0.16,0.994,2.45,-0.997746555723425,24.3,0.0,-0.174,1.08,1,1
0.8839929103851318,1.014618071826037,-1780.6192206549274,24.4,0.16,0.994,2.45,-0.9802932632034818,24.2,0.0,-0.132,0.91,1,1
0.8883051872253418,1.014618071826037,-1780.6192206549274,24.4,0.16,0.994,2.45,-0.9802932632034818,24.2,0.0,-0.132,0.91,1,1
0.8952679634094238,0.9994918849754193,-1780.6192206549274,24.4,0.16,1.001,2.5,-0.9744754990301673,24.3,0.0,-0.116,0.99,1,1
0.9000883102416992,0.9983283321407564,-1780.6192206549274,24.4,0.16,1.007,2.51,-0.9989101085580879,24.3,0.0,-0.141,1.0,1,1
0.9023275375366211,0.9983283321407564,-1780.6192206549274,24.4,0.16,1.007,2.51,-0.9989101085580879,24.3,0.0,-0.141,1.0,1,1
0.9082505702972412,0.9983283321407564,-1780.6192206549274,24.4,0.16,1.007,2.51,-1.0245082709206714,24.2,0.0,-0.174,1.01,1,1
0.910938024520874,0.9983283321407564,-1780.6192206549274,24.4,0.16,1.007,2.51,-1.0245082709206714,24.2,0.0,-0.174,1.01,1,1
0.9165854454040527,1.012290966156711,-1780.6192206549274,24.4,0.13,0.961,2.18,-1.0245082709206714,24.2,0.0,-0.174,1.01,1,1
0.92254638671875,1.012290966156711,-1780.6192206549274,24.4,0.13,0.961,2.18,-1.014618071826037,24.3,0.0,-0.124,0.93,1,1
0.9268195629119873,1.012290966156711,-1780.6192206549274,24.4,0.13,0.961,2.18,-1.014618071826037,24.3,0.0,-0.124,0.93,1,1
0.9332563877105713,1.012290966156711,-1780.6192206549274,24.4,0.13,0.961,2.18,-1.014618071826037,24.3,0.0,-0.124,0.93,1,1
0.9397737979888916,1.0099638604873853,-1780.6192206549274,24.4,0.15,0.981,2.33,-0.9936741208021049,24.3,0.0,-0.138,1.02,1,1
0.9436361789703369,1.0099638604873853,-1780.6192206549274,24.4,0.15,0.981,2.33,-0.9936741208021049,24.3,0.0,-0.138,1.02,1,1
0.9474830627441406,1.0099638604873853,-1780.6192206549274,24.4,0.15,0.981,2.33,-0.9936741208021049,24.3,0.0,-0.138,1.02,1,1
0.9530203342437744,0.9936741208021049,-1780.6192206549274,24.4,0.15,0.983,2.32,-1.0338166935979745,24.3,0.0,-0.153,0.98,1,1
0.9576997756958008,0.9936741208021049,-1780.6192206549274,24.4,0.15,0.983,2.32,-1.0338166935979745,24.3,0.0,-0.153,0.98,1,1
0.9619832038879395,0.9936741208021049,-1780.6192206549274,24.4,0.15,0.983,2.32,-1.0338166935979745,24.3,0.0,-0.153,0.98,1,1
0.966623067855835,0.9913470151327791,-1780.6192206549274,24.4,0.15,1.0,2.43,-1.0064732019833966,24.3,0.0,-0.111,0.98,1,1
0.971337080001831,0.9907652387154477,-1780.6192206549274,24.4,0.16,1.001,2.5,-0.9861110273767961,24.2,0.0,-0.112,1.01,1,1
0.9761967658996582,0.9907652387154477,-1780.6192206549274,24.4,0.16,1.001,2.5,-1.022762941668677,24.3,0.0,-0.142,1.1,1,1
0.982464075088501,0.9907652387154477,-1780.6192206549274,24.4,0.16,1.001,2.5,-1.0390526813539576,24.3,0.0,-0.171,1.04,1,1
0.9872887134552002,1.0157816246606997,-1780.6192206549274,24.4,0.12,0.944,2.02,-1.0390526813539576,24.3,0.0,-0.171,1.04,1,1
0.9942653179168701,1.0157816246606997,-1780.6192206549274,24.4,0.12,0.944,2.02,-0.9581857593448869,24.3,0.0,-0.086,0.96,1,1
0.9984323978424072,1.0064732019833966,-1780.6192206549274,24.3,0.13,0.96,2.17,-0.9581857593448869,24.3,0.0,-0.086,0.96,1,1
1.0040185451507568,0.9884381330461219,-1780.6192206549274,24.4,0.16,1.006,2.48,-0.9232791743050003,24.3,0.0,-0.08,0.99,1,1
1.0084710121154785,0.9907652387154477,-1780.6192206549274,24.4,0.18,1.021,2.71,-0.9232791743050003,24.3,0.0,-0.08,0.99,1,1
1.0131292343139648,1.0018189906447452,-1780.6192206549274,24.4,0.15,0.984,2.42,-0.9232791743050003,24.3,0.0,-0.08,0.99,1,1
1.0167982578277588,1.0018189906447452,-1780.6192206549274,24.4,0.15,0.984,2.42,-0.9232791743050003,24.3,0.0,-0.08,0.99,1,1
1.0210754871368408,1.0018189906447452,-1780.6192206549274,24.4,0.15,0.984,2.42,-0.9232791743050003,24.3,0.0,-0.08,0.99,1,1
1.0361051559448242,1.0018189906447452,-1780.6192206549274,24.4,0.15,0.984,2.42,-0.9907652387154477,24.3,0.0,-0.136,0.92,1,1
1.037264108657837,1.0018189906447452,-1780.6192206549274,24.4,0.15,0.984,2.42,-0.9907652387154477,24.3,0.0,-0.136,0.92,1,1
1.0409154891967773,0.9901834622981163,-1780.6192206549274,24.5,0.15,0.995,2.38,-0.9907652387154477,24.3,0.0,-0.136,0.92,1,1
1.042052984237671,0.9901834622981163,-1780.6192206549274,24.5,0.15,0.995,2.38,-0.9907652387154477,24.3,0.0,-0.136,0.92,1,1
1.0497093200683594,0.997746555723425,-1780.6192206549274,24.4,0.14,0.978,2.2,-0.9669124056048586,24.4,0.0,-0.154,1.04,1,1
1.0517380237579346,0.997746555723425,-1780.6192206549274,24.4,0.14,0.978,2.2,-0.9669124056048586,24.4,0.0,-0.154,1.04,1,1
1.0566303730010986,0.9884381330461219,-1780.6192206549274,24.3,0.15,0.993,2.41,-0.9424777960769379,24.3,0.0,-0.136,0.97,1,1
1.0610830783843994,0.9884381330461219,-1780.6192206549274,24.3,0.15,0.993,2.41,-0.9424777960769379,24.3,0.0,-0.136,0.97,1,1
1.0661468505859375,0.9884381330461219,-1780.6192206549274,24.3,0.15,0.993,2.41,-0.9424777960769379,24.3,0.0,-0.136,0.97,1,1
1.0710833072662354,0.9837839217074704,-1780.6192206549274,24.4,0.18,1.032,2.67,-0.9413142432422751,24.3,0.0,-0.114,1.03,1,1
1.0760431289672852,0.9704030641088472,-1780.6192206549274,24.5,0.17,1.032,2.65,-0.9610946414315441,24.3,0.0,-0.127,1.03,1,1
1.0810043811798096,0.9704030641088472,-1780.6192206549274,24.5,0.17,1.032,2.65,-1.0000736613927508,24.3,0.0,-0.157,1.08,1,1
1.0860657691955566,0.9704030641088472,-1780.6192206549274,24.5,0.17,1.032,2.65,-1.0210176124166828,24.3,0.0,-0.182,1.05,1,1
1.0910289287567139,0.9704030641088472,-1780.6192206549274,24.5,0.17,1.032,2.65,-1.0210176124166828,24.3,0.0,-0.182,1.05,1,1
1.0960774421691895,0.9913470151327791,-1780.6192206549274,24.4,0.16,1.009,2.51,-1.0233447180860085,24.3,0.0,-0.157,0.91,1,1
1.1010160446166992,1.0018189906447452,-1780.6192206549274,24.4,0.14,0.982,2.29,-1.017526953912694,24.3,0.0,-0.137,0.96,1,1
1.1060898303985596,1.0018189906447452,-1780.6192206549274,24.4,0.14,0.982,2.29,-1.017526953912694,24.3,0.0,-0.137,0.96,1,1
1.1115951538085938,0.9907652387154477,-1780.6192206549274,24.4,0.16,1.016,2.51,-0.9942558972194364,24.3,0.0,-0.123,1.0,1,1
1.1163060665130615,0.9907652387154477,-1780.6192206549274,24.4,0.16,1.016,2.51,-0.9866928037941276,24.4,0.0,-0.132,1.03,1,1
1.1210784912109375,0.9907652387154477,-1780.6192206549274,24.4,0.16,1.016,2.51,-0.9866928037941276,24.4,0.0,-0.132,1.03,1,1
1.1260881423950195,0.9907652387154477,-1780.6192206549274,24.4,0.16,1.016,2.51,-1.0442886691099404,24.3,0.0,-0.176,0.97,1,1
1.131004810333252,0.9907652387154477,-1780.6192206549274,24.4,0.16,1.016,2.51,-1.035562022849969,24.3,0.0,-0.151,0.93,1,1
1.1362395286560059,0.9942558972194364,-1780.6192206549274,24.5,0.16,1.008,2.52,-1.035562022849969,24.3,0.0,-0.151,0.93,1,1
1.1409406661987305,1.0024007670620765,-1780.6192206549274,24.4,0.16,1.015,2.51,-1.02799892942466,24.3,0.0,-0.133,1.02,1,1
1.1460037231445312,0.9878563566287905,-1780.6192206549274,24.4,0.16,1.015,2.53,-1.02799892942466,24.3,0.0,-0.133,1.02,1,1
1.1509170532226562,1.0018189906447452,-1780.6192206549274,24.4,0.17,1.021,2.62,-1.0512699861179178,24.3,0.0,-0.152,1.04,1,1
1.1558706760406494,1.0140362954087054,-1780.6192206549274,24.4,0.14,0.963,2.19,-1.0588330795432266,24.3,0.0,-0.172,1.03,1,1
1.1610126495361328,1.0151998482433684,-1780.6192206549274,24.4,0.13,0.96,2.15,-1.0774499248978326,24.3,0.0,-0.176,1.01,1,1
1.1660330295562744,1.0151998482433684,-1780.6192206549274,24.4,0.13,0.96,2.15,-1.0512699861179178,24.3,0.0,-0.145,0.88,1,1
1.1710219383239746,1.0035643198967394,-1780.6192206549274,24.4,0.14,0.984,2.31,-1.0512699861179178,24.3,0.0,-0.145,0.88,1,1
1.1762030124664307,0.9901834622981163,-1780.6192206549274,24.4,0.16,1.003,2.44,-1.0512699861179178,24.3,0.0,-0.145,0.88,1,1
1.1809110641479492,0.9948376736367678,-1780.6192206549274,24.4,0.18,1.017,2.68,-0.9535315480062353,24.3,0.0,-0.097,1.06,1,1
1.1861705780029297,0.9983283321407564,-1780.6192206549274,24.4,0.15,0.988,2.36,-0.9535315480062353,24.3,0.0,-0.097,1.06,1,1
1.190863847732544,0.9983283321407564,-1780.6192206549274,24.4,0.15,0.988,2.36,-0.9535315480062353,24.3,0.0,-0.097,1.06,1,1
1.1959655284881592,1.0018189906447452,-1780.6192206549274,24.4,0.13,0.967,2.2,-1.0111274133220483,24.3,0.0,-0.163,0.97,1,1
1.2008633613586426,1.0192722831646883,-1780.6192206549274,24.4,0.14,0.959,2.19,-1.007054978400728,24.3,0.0,-0.149,0.95,1,1
1.2060573101043701,1.0192722831646883,-1780.6192206549274,24.4,0.14,0.959,2.19,-1.007054978400728,24.3,0.0,-0.149,0.95,1,1
1.2108585834503174,1.0192722831646883,-1780.6192206549274,24.4,0.14,0.959,2.19,-1.007054978400728,24.3,0.0,-0.149,0.95,1,1
1.2160372734069824,1.0192722831646883,-1780.6192206549274,24.4,0.14,0.959,2.19,-1.007054978400728,24.3,0.0,-0.149,0.95,1,1
1.221062421798706,1.0192722831646883,-1780.6192206549274,24.4,0.14,0.959,2.19,-1.007054978400728,24.3,0.0,-0.149,0.95,1,1
1.2260301113128662,1.0192722831646883,-1780.6192206549274,24.4,0.14,0.959,2.19,-1.007054978400728,24.3,0.0,-0.149,0.95,1,1
1.2308571338653564,0.9936741208021049,-1780.6192206549274,24.4,0.14,0.973,2.25,-1.007054978400728,24.3,0.0,-0.149,0.95,1,1
1.2366838455200195,0.9913470151327791,-1780.6192206549274,24.4,0.14,0.978,2.32,-1.007054978400728,24.3,0.0,-0.149,0.95,1,1
1.2409162521362305,0.9913470151327791,-1780.6192206549274,24.4,0.14,0.978,2.32,-0.9238609507223318,24.3,0.0,-0.098,0.99,1,1
1.2465076446533203,0.9797114867861503,-1780.6192206549274,24.4,0.17,1.024,2.65,-0.9238609507223318,24.3,0.0,-0.098,0.99,1,1
1.2509119510650635,0.9837839217074704,-1780.6192206549274,24.4,0.18,1.026,2.72,-0.9459684545809266,24.2,0.0,-0.127,1.04,1,1
1.2560155391693115,0.9994918849754193,-1780.6192206549274,24.4,0.16,0.993,2.44,-0.9459684545809266,24.2,0.0,-0.127,1.04,1,1
1.260871410369873,0.9994918849754193,-1780.6192206549274,24.4,0.16,0.993,2.44,-0.9459684545809266,24.2,0.0,-0.127,1.04,1,1
1.265993595123291,1.0035643198967394,-1780.6192206549274,24.3,0.15,0.983,2.35,-0.9459684545809266,24.2,0.0,-0.127,1.04,1,1
1.2708206176757812,0.9930923443847735,-1780.6192206549274,24.4,0.17,1.008,2.6,-1.0181087303300256,24.2,0.0,-0.149,0.88,1,1
1.2762415409088135,0.9930923443847735,-1780.6192206549274,24.4,0.17,1.008,2.6,-1.0181087303300256,24.2,0.0,-0.149,0.88,1,1
1.2809162139892578,0.9802932632034818,-1780.6192206549274,24.4,0.19,1.049,2.83,-1.0181087303300256,24.2,0.0,-0.149,0.88,1,1
1.286038875579834,0.9890199094634534,-1780.6192206549274,24.4,0.19,1.038,2.84,-1.0181087303300256,24.2,0.0,-0.149,0.88,1,1
1.291210412979126,0.9890199094634534,-1780.6192206549274,24.4,0.19,1.038,2.84,-1.0181087303300256,24.2,0.0,-0.149,0.88,1,1
1.2960469722747803,0.9890199094634534,-1780.6192206549274,24.4,0.19,1.038,2.84,-1.0181087303300256,24.2,0.0,-0.149,0.88,1,1
1.300898551940918,0.9890199094634534,-1780.6192206549274,24.4,0.19,1.038,2.84,-0.9808750396208131,24.3,0.0,-0.144,0.95,1,1
1.3060352802276611,0.9936741208021049,-1780.6192206549274,24.4,0.18,1.026,2.8,-0.9808750396208131,24.3,0.0,-0.144,0.95,1,1
1.310858964920044,0.9936741208021049,-1780.6192206549274,24.4,0.18,1.026,2.8,-0.9913470151327791,24.3,0.0,-0.119,0.97,1,1
1.316253662109375,0.9936741208021049,-1780.6192206549274,24.4,0.18,1.026,2.8,-1.004146096314071,24.3,0.0,-0.124,1.01,1,1
1.3209125995635986,0.9896016858807848,-1780.6192206549274,24.4,0.2,1.056,2.98,-1.014618071826037,24.3,0.0,-0.133,1.03,1,1
1.3262405395507812,0.9896016858807848,-1780.6192206549274,24.4,0.2,1.056,2.98,-1.0501064332832548,24.3,0.0,-0.158,1.06,1,1
1.3308343887329102,1.0076367548180596,-1780.6192206549274,24.4,0.16,0.995,2.5,-1.0501064332832548,24.3,0.0,-0.158,1.06,1,1
1.3360962867736816,1.0099638604873853,-1780.6192206549274,24.4,0.16,1.0,2.48,-1.0501064332832548,24.3,0.0,-0.158,1.06,1,1
1.3408710956573486,1.013454518991374,-1780.6192206549274,24.4,0.15,0.989,2.42,-1.0501064332832548,24.3,0.0,-0.158,1.06,1,1
1.3461275100708008,1.013454518991374,-1780.6192206549274,24.4,0.15,0.989,2.42,-1.0501064332832548,24.3,0.0,-0.158,1.06,1,1
1.350851058959961,0.9884381330461219,-1780.6192206549274,24.4,0.16,1.011,2.51,-1.0501064332832548,24.3,0.0,-0.158,1.06,1,1
1.3561930656433105,0.9884381330461219,-1780.6192206549274,24.4,0.16,1.011,2.51,-1.0501064332832548,24.3,0.0,-0.158,1.06,1,1
1.361433506011963,0.9814568160381446,-1780.6192206549274,24.4,0.18,1.032,2.73,-1.0501064332832548,24.3,0.0,-0.158,1.06,1,1
1.3660368919372559,1.0117091897393797,-1780.6192206549274,24.4,0.17,1.005,2.62,-0.9802932632034818,24.3,0.0,-0.148,1.13,1,1
1.3708670139312744,1.0117091897393797,-1780.6192206549274,24.4,0.17,1.005,2.62,-1.0151998482433684,24.3,0.0,-0.168,0.99,1,1
1.3760809898376465,1.0099638604873853,-1780.6192206549274,24.4,0.17,1.008,2.59,-1.0151998482433684,24.3,0.0,-0.168,0.99,1,1
1.3809030055999756,1.0035643198967394,-1780.6192206549274,24.4,0.17,1.009,2.57,-0.9965830028887621,24.3,0.0,-0.123,0.92,1,1
1.3861536979675293,1.0035643198967394,-1780.6192206549274,24.4,0.17,1.009,2.57,-0.9965830028887621,24.3,0.0,-0.123,0.92,1,1
1.3908615112304688,1.0035643198967394,-1780.6192206549274,24.4,0.17,1.009,2.57,-0.9965830028887621,24.3,0.0,-0.123,0.92,1,1
1.3961181640625,1.0035643198967394,-1780.6192206549274,24.4,0.17,1.009,2.57,-0.9925105679674421,24.3,0.0,-0.146,1.03,1,1
1.4009349346160889,1.0163634010780311,-1780.6192206549274,24.4,0.13,0.965,2.14,-1.0006554378100823,24.3,0.0,-0.172,1.05,1,1
1.4060490131378174,1.0221811652513457,-1780.6192206549274,24.4,0.12,0.946,2.01,-1.0018189906447452,24.3,0.0,-0.17,0.97,1,1
1.4108607769012451,1.0221811652513457,-1780.6192206549274,24.4,0.12,0.946,2.01,-0.9692395112741843,24.3,0.0,-0.134,0.88,1,1
1.416163444519043,0.9925105679674421,-1780.6192206549274,24.4,0.16,1.008,2.47,-0.9128071987930343,24.2,0.0,-0.092,0.91,1,1
1.4208471775054932,0.9768026046994931,-1780.6192206549274,24.4,0.18,1.046,2.77,-0.9128071987930343,24.2,0.0,-0.092,0.91,1,1
1.4260149002075195,0.9768026046994931,-1780.6192206549274,24.4,0.18,1.046,2.77,-0.9128071987930343,24.2,0.0,-0.092,0.91,1,1
1.4309325218200684,1.0053096491487339,-1780.6192206549274,24.4,0.18,1.019,2.66,-0.9128071987930343,24.2,0.0,-0.092,0.91,1,1
1.4360365867614746,1.0053096491487339,-1780.6192206549274,24.4,0.18,1.019,2.66,-0.9128071987930343,24.2,0.0,-0.092,0.91,1,1
1.4408576488494873,1.0053096491487339,-1780.6192206549274,24.4,0.18,1.019,2.66,-1.0535970917872435,24.3,0.0,-0.206,0.99,1,1
1.446103572845459,1.0053096491487339,-1780.6192206549274,24.4,0.18,1.019,2.66,-1.0512699861179178,24.3,0.0,-0.175,0.91,1,1
1.4510560035705566,1.0093820840700538,-1780.6192206549274,24.4,0.15,0.991,2.32,-1.0512699861179178,24.3,0.0,-0.175,0.91,1,1
1.4560832977294922,1.0093820840700538,-1780.6192206549274,24.4,0.15,0.991,2.32,-1.0512699861179178,24.3,0.0,-0.175,0.91,1,1
1.4608793258666992,1.0093820840700538,-1780.6192206549274,24.4,0.15,0.991,2.32,-0.9913470151327791,24.3,0.0,-0.126,1.02,1,1
1.466170072555542,1.0181087303300256,-1780.6192206549274,24.4,0.14,0.974,2.2,-0.9913470151327791,24.3,0.0,-0.126,1.02,1,1
1.4708342552185059,1.0181087303300256,-1780.6192206549274,24.4,0.11,0.947,1.9,-0.9913470151327791,24.3,0.0,-0.126,1.02,1,1
1.47639799118042,0.9930923443847735,-1780.6192206549274,24.4,0.14,0.98,2.2,-0.9913470151327791,24.3,0.0,-0.126,1.02,1,1
1.4809150695800781,0.9930923443847735,-1780.6192206549274,24.4,0.14,0.98,2.2,-0.9913470151327791,24.3,0.0,-0.126,1.02,1,1
1.4860846996307373,0.9930923443847735,-1780.6192206549274,24.4,0.14,0.98,2.2,-0.9878563566287905,24.3,0.0,-0.117,1.0,1,1
1.491199016571045,1.0047278727314024,-1780.6192206549274,24.4,0.16,1.01,2.5,-0.9878563566287905,24.3,0.0,-0.117,1.0,1,1
1.4960811138153076,1.0047278727314024,-1780.6192206549274,24.4,0.16,1.01,2.5,-0.9878563566287905,24.3,0.0,-0.117,1.0,1,1
1.5009026527404785,0.9989101085580879,-1780.6192206549274,24.4,0.15,0.998,2.36,-1.0745410428111755,24.3,0.0,-0.17,1.01,1,1
1.5062251091003418,0.9989101085580879,-1780.6192206549274,24.4,0.15,0.998,2.36,-1.0745410428111755,24.3,0.0,-0.17,1.01,1,1
1.510899543762207,0.9983283321407564,-1780.6192206549274,24.4,0.15,0.991,2.38,-1.0727957135591812,24.3,0.0,-0.176,0.96,1,1
1.5160768032073975,0.9942558972194364,-1780.6192206549274,24.4,0.16,1.007,2.53,-1.0431251162752775,24.3,0.0,-0.139,0.9,1,1
1.521559238433838,0.9890199094634534,-1780.6192206549274,24.4,0.16,1.005,2.48,-0.9738937226128358,24.3,0.0,-0.094,1.0,1,1
1.526106595993042,0.9890199094634534,-1780.6192206549274,24.4,0.16,1.005,2.48,-0.9738937226128358,24.3,0.0,-0.094,1.0,1,1
1.5308618545532227,0.9890199094634534,-1780.6192206549274,24.4,0.16,1.005,2.48,-0.9738937226128358,24.3,0.0,-0.094,1.0,1,1
1.5361297130584717,0.9890199094634534,-1780.6192206549274,24.4,0.16,1.005,2.48,-0.9610946414315441,24.3,0.0,-0.115,1.01,1,1
1.5408868789672852,0.9773843811168245,-1780.6192206549274,24.4,0.19,1.039,2.83,-0.9610946414315441,24.3,0.0,-0.115,1.01,1,1
1.545997142791748,1.0000736613927508,-1780.6192206549274,24.4,0.19,1.027,2.85,-0.9610946414315441,24.3,0.0,-0.115,1.01,1,1
1.5508286952972412,1.008218531235391,-1780.6192206549274,24.4,0.16,0.994,2.49,-0.9610946414315441,24.3,0.0,-0.115,1.01,1,1
1.556169033050537,1.0076367548180596,-1780.6192206549274,24.4,0.15,0.994,2.41,-1.044870445527272,24.3,0.0,-0.143,0.94,1,1
1.5609714984893799,0.9919287915501106,-1780.6192206549274,24.4,0.17,1.017,2.56,-1.044870445527272,24.3,0.0,-0.143,0.94,1,1
1.5660758018493652,0.9919287915501106,-1780.6192206549274,24.4,0.17,1.017,2.56,-1.044870445527272,24.3,0.0,-0.143,0.94,1,1
1.570868968963623,1.012290966156711,-1780.6192206549274,24.4,0.15,0.99,2.42,-1.044870445527272,24.3,0.0,-0.143,0.94,1,1
1.576183557510376,1.012290966156711,-1780.6192206549274,24.4,0.15,0.99,2.42,-1.044870445527272,24.3,0.0,-0.143,0.94,1,1
1.58087158203125,1.012290966156711,-1780.6192206549274,24.4,0.15,0.99,2.42,-1.0076367548180596,24.3,0.0,-0.159,0.95,1,1
1.5861587524414062,1.0105456369047168,-1780.6192206549274,24.4,0.14,0.975,2.26,-0.9587675357622183,24.3,0.0,-0.119,0.89,1,1
1.5908725261688232,1.0076367548180596,-1780.6192206549274,24.4,0.14,0.968,2.21,-0.9378235847382864,24.3,0.0,-0.093,0.94,1,1
1.5961670875549316,0.9686577348568529,-1780.6192206549274,24.4,0.2,1.058,2.94,-0.9378235847382864,24.3,0.0,-0.093,0.94,1,1
1.6008338928222656,0.9779661575341559,-1780.6192206549274,24.4,0.21,1.056,3.05,-0.9378235847382864,24.3,0.0,-0.093,0.94,1,1
1.6060600280761719,0.9779661575341559,-1780.6192206549274,24.4,0.21,1.056,3.05,-0.9546951008408983,24.3,0.0,-0.144,1.11,1,1
1.6108341217041016,0.9779661575341559,-1780.6192206549274,24.4,0.21,1.056,3.05,-0.9546951008408983,24.3,0.0,-0.144,1.11,1,1
1.6161308288574219,1.0024007670620765,-1780.6192206549274,24.4,0.12,0.955,1.99,-0.9546951008408983,24.3,0.0,-0.144,1.11,1,1
1.6208858489990234,1.0111274133220483,-1780.6192206549274,24.4,0.14,0.979,2.3,-0.9546951008408983,24.3,0.0,-0.144,1.11,1,1
1.6260364055633545,1.0111274133220483,-1780.6192206549274,24.4,0.14,0.979,2.3,-0.9546951008408983,24.3,0.0,-0.144,1.11,1,1
1.6309831142425537,1.0111274133220483,-1780.6192206549274,24.4,0.14,0.979,2.3,-0.9546951008408983,24.3,0.0,-0.144,1.11,1,1
1.6360507011413574,1.0111274133220483,-1780.6192206549274,24.4,0.14,0.979,2.3,-0.997746555723425,24.3,0.0,-0.132,1.0,1,1
1.6409049034118652,1.013454518991374,-1780.6192206549274,24.4,0.14,0.972,2.22,-0.997746555723425,24.3,0.0,-0.132,1.0,1,1
1.6461892127990723,1.0163634010780311,-1780.6192206549274,24.4,0.11,0.936,1.87,-0.997746555723425,24.3,0.0,-0.132,1.0,1,1
1.650874376296997,1.0163634010780311,-1780.6192206549274,24.4,0.11,0.936,1.87,-1.0012372142274137,24.3,0.0,-0.152,0.97,1,1
1.656186819076538,0.9832021452901389,-1780.6192206549274,24.4,0.16,1.003,2.45,-0.96749418202219,24.3,0.0,-0.122,0.91,1,1
1.6615619659423828,1.0000736613927508,-1780.6192206549274,24.4,0.16,1.006,2.54,-0.9960012264714307,24.3,0.0,-0.128,1.05,1,1
1.666059970855713,0.9954194500540993,-1780.6192206549274,24.4,0.16,1.008,2.56,-0.9960012264714307,24.3,0.0,-0.128,1.05,1,1
1.6708674430847168,0.9954194500540993,-1780.6192206549274,24.4,0.16,1.008,2.56,-1.038470904936626,24.3,0.0,-0.16,1.08,1,1
1.6761515140533447,0.9954194500540993,-1780.6192206549274,24.4,0.16,1.008,2.56,-1.038470904936626,24.3,0.0,-0.16,1.08,1,1
1.6808459758758545,1.0024007670620765,-1780.6192206549274,24.4,0.12,0.958,2.04,-1.038470904936626,24.3,0.0,-0.16,1.08,1,1
1.6859982013702393,1.0093820840700538,-1780.6192206549274,24.4,0.13,0.955,2.08,-1.038470904936626,24.3,0.0,-0.16,1.08,1,1
1.6914982795715332,1.0093820840700538,-1780.6192206549274,24.4,0.13,0.955,2.08,-1.013454518991374,24.3,0.0,-0.108,0.91,1,1
1.6967298984527588,1.0093820840700538,-1780.6192206549274,24.4,0.13,0.955,2.08,-1.013454518991374,24.3,0.0,-0.108,0.91,1,1
1.7039153575897217,1.0093820840700538,-1780.6192206549274,24.4,0.13,0.955,2.08,-0.9488773366675838,24.3,0.0,-0.096,1.01,1,1
1.708678960800171,1.0000736613927508,-1780.6192206549274,24.5,0.15,0.985,2.42,-0.9488773366675838,24.3,0.0,-0.096,1.01,1,1
1.7123045921325684,1.0000736613927508,-1780.6192206549274,24.5,0.15,0.985,2.42,-0.9488773366675838,24.3,0.0,-0.096,1.01,1,1
1.7169787883758545,1.0000736613927508,-1780.6192206549274,24.5,0.15,0.985,2.42,-1.0018189906447452,24.3,0.0,-0.15,0.97,1,1
1.7214951515197754,1.0000736613927508,-1780.6192206549274,24.5,0.15,0.985,2.42,-1.0018189906447452,24.3,0.0,-0.15,0.97,1,1
1.726557970046997,1.0000736613927508,-1780.6192206549274,24.5,0.15,0.985,2.42,-1.0018189906447452,24.3,0.0,-0.15,0.97,1,1
1.731367588043213,1.0000736613927508,-1780.6192206549274,24.5,0.15,0.985,2.42,-1.0018189906447452,24.3,0.0,-0.15,0.97,1,1
1.7365295886993408,1.0000736613927508,-1780.6192206549274,24.5,0.15,0.985,2.42,-0.9954194500540993,24.3,0.0,-0.123,1.01,1,1
1.743048906326294,0.9954194500540993,-1780.6192206549274,24.4,0.17,1.009,2.57,-1.008218531235391,24.3,0.0,-0.155,1.06,1,1
1.747675895690918,1.0192722831646883,-1780.6192206549274,24.4,0.13,0.948,2.12,-1.008218531235391,24.3,0.0,-0.155,1.06,1,1
1.7519299983978271,1.0192722831646883,-1780.6192206549274,24.4,0.13,0.948,2.12,-1.008218531235391,24.3,0.0,-0.155,1.06,1,1
1.756800651550293,1.0192722831646883,-1780.6192206549274,24.4,0.13,0.948,2.12,-1.008218531235391,24.3,0.0,-0.155,1.06,1,1
1.7614490985870361,1.0192722831646883,-1780.6192206549274,24.4,0.13,0.948,2.12,-0.9814568160381446,24.3,0.0,-0.118,0.91,1,1
1.766740083694458,1.0192722831646883,-1780.6192206549274,24.4,0.13,0.948,2.12,-0.9471320074155894,24.3,0.0,-0.096,0.94,1,1
1.7714011669158936,1.0192722831646883,-1780.6192206549274,24.4,0.13,0.948,2.12,-0.9471320074155894,24.3,0.0,-0.096,0.94,1,1
1.7767419815063477,1.0192722831646883,-1780.6192206549274,24.4,0.13,0.948,2.12,-0.9302604913129776,24.3,0.0,-0.11,1.04,1,1
1.789346694946289,0.9960012264714307,-1780.6192206549274,24.4,0.15,0.989,2.35,-0.9773843811168245,24.3,0.0,-0.165,1.07,1,1
1.7925541400909424,0.9960012264714307,-1780.6192206549274,24.4,0.15,0.989,2.35,-0.9773843811168245,24.3,0.0,-0.165,1.07,1,1
1.7963900566101074,0.9954194500540993,-1780.6192206549274,24.4,0.15,0.996,2.43,-0.9773843811168245,24.3,0.0,-0.165,1.07,1,1
1.8007817268371582,0.9954194500540993,-1780.6192206549274,24.4,0.15,0.996,2.43,-0.9983283321407564,24.3,0.0,-0.133,0.96,1,1
1.8032169342041016,0.9954194500540993,-1780.6192206549274,24.4,0.15,0.996,2.43,-0.9983283321407564,24.3,0.0,-0.133,0.96,1,1
1.8075928688049316,0.9843656981248018,-1780.6192206549274,24.4,0.16,1.014,2.49,-0.9983283321407564,24.3,0.0,-0.133,0.96,1,1
1.811525583267212,1.0076367548180596,-1780.6192206549274,24.4,0.16,0.991,2.42,-0.9983283321407564,24.3,0.0,-0.133,0.96,1,1
1.8161180019378662,1.0076367548180596,-1780.6192206549274,24.4,0.16,0.991,2.42,-1.0198540595820198,24.3,0.0,-0.164,1.01,1,1
1.8208518028259277,0.9954194500540993,-1780.6192206549274,24.4,0.15,0.992,2.32,-1.0198540595820198,24.3,0.0,-0.164,1.01,1,1
1.8261816501617432,0.9954194500540993,-1780.6192206549274,24.4,0.15,0.992,2.32,-1.0198540595820198,24.3,0.0,-0.164,1.01,1,1
1.830888032913208,0.9884381330461219,-1780.6192206549274,24.4,0.17,1.018,2.57,-1.0198540595820198,24.3,0.0,-0.164,1.01,1,1
1.836017370223999,0.9884381330461219,-1780.6192206549274,24.4,0.17,1.018,2.57,-0.9930923443847735,24.3,0.0,-0.124,0.99,1,1
1.8409709930419922,0.9884381330461219,-1780.6192206549274,24.4,0.17,1.018,2.57,-0.9948376736367678,24.3,0.0,-0.127,1.01,1,1
1.8461382389068604,0.9936741208021049,-1780.6192206549274,24.4,0.18,1.023,2.67,-1.002982543479408,24.3,0.0,-0.136,1.02,1,1
1.8509671688079834,1.0076367548180596,-1780.6192206549274,24.4,0.17,1.015,2.6,-1.0390526813539576,24.3,0.0,-0.162,1.08,1,1
1.856304407119751,0.9994918849754193,-1780.6192206549274,24.3,0.14,0.98,2.21,-1.0390526813539576,24.3,0.0,-0.162,1.08,1,1
1.8613934516906738,0.9994918849754193,-1780.6192206549274,24.3,0.14,0.98,2.21,-1.0390526813539576,24.3,0.0,-0.162,1.08,1,1
1.8662059307098389,1.0105456369047168,-1780.6192206549274,24.4,0.14,0.978,2.24,-1.0390526813539576,24.3,0.0,-0.162,1.08,1,1
1.870898723602295,1.002982543479408,-1780.6192206549274,24.4,0.13,0.977,2.15,-1.0623237380472152,24.3,0.0,-0.133,0.95,1,1
1.8761696815490723,0.9989101085580879,-1780.6192206549274,24.4,0.14,0.991,2.3,-1.034398470015306,24.3,0.0,-0.126,0.98,1,1
1.8809113502502441,0.9989101085580879,-1780.6192206549274,24.4,0.14,0.991,2.3,-1.0053096491487339,24.3,0.0,-0.119,0.99,1,1
1.886214017868042,0.9989101085580879,-1780.6192206549274,24.4,0.14,0.991,2.3,-1.0053096491487339,24.3,0.0,-0.119,0.99,1,1
1.8916573524475098,0.9989101085580879,-1780.6192206549274,24.4,0.14,0.991,2.3,-1.0413797870232833,24.3,0.0,-0.162,0.98,1,1
1.8962996006011963,1.0053096491487339,-1780.6192206549274,24.4,0.14,0.973,2.26,-1.0413797870232833,24.3,0.0,-0.162,0.98,1,1
1.9009602069854736,1.0053096491487339,-1780.6192206549274,24.4,0.14,0.973,2.26,-1.0326531407633117,24.3,0.0,-0.135,0.93,1,1
1.9060869216918945,1.0093820840700538,-1780.6192206549274,24.4,0.14,0.979,2.27,-1.0245082709206714,24.3,0.0,-0.117,0.97,1,1
1.910881757736206,0.9948376736367678,-1780.6192206549274,24.4,0.15,0.997,2.4,-1.008218531235391,24.3,0.0,-0.118,1.02,1,1
1.9161603450775146,1.0064732019833966,-1780.6192206549274,24.4,0.16,0.989,2.47,-1.033234917180643,24.3,0.0,-0.147,1.07,1,1
1.9209179878234863,1.0157816246606997,-1780.6192206549274,24.4,0.13,0.951,2.16,-1.033234917180643,24.3,0.0,-0.147,1.07,1,1
1.9262089729309082,1.0128727425740425,-1780.6192206549274,24.4,0.13,0.96,2.15,-1.0442886691099404,24.3,0.0,-0.179,0.99,1,1
1.930877923965454,1.0128727425740425,-1780.6192206549274,24.4,0.13,0.96,2.15,-1.0326531407633117,24.3,0.0,-0.158,0.93,1,1
1.9360835552215576,1.0012372142274137,-1780.6192206549274,24.4,0.12,0.951,2.01,-1.013454518991374,24.2,0.0,-0.13,0.92,1,1
1.941053867340088,1.0006554378100823,-1780.6192206549274,24.4,0.14,0.973,2.23,-0.9750572754474988,24.3,0.0,-0.105,0.96,1,1
1.9461684226989746,1.0006554378100823,-1780.6192206549274,24.4,0.14,0.973,2.23,-0.9308422677303091,24.3,0.0,-0.097,0.99,1,1
1.950981855392456,1.0006554378100823,-1780.6192206549274,24.4,0.14,0.973,2.23,-0.9221156214703374,24.3,0.0,-0.112,1.05,1,1
1.9561419486999512,1.0053096491487339,-1780.6192206549274,24.4,0.14,0.963,2.24,-0.9221156214703374,24.3,0.0,-0.112,1.05,1,1
1.9609129428863525,1.0088003076527225,-1780.6192206549274,24.4,0.14,0.971,2.27,-0.9221156214703374,24.3,0.0,-0.112,1.05,1,1
1.9662165641784668,1.0088003076527225,-1780.6192206549274,24.4,0.14,0.971,2.27,-0.9221156214703374,24.3,0.0,-0.112,1.05,1,1
1.9709975719451904,1.0000736613927508,-1780.6192206549274,24.4,0.14,0.978,2.29,-0.9221156214703374,24.3,0.0,-0.112,1.05,1,1
1.9760355949401855,0.9948376736367678,-1780.6192206549274,24.4,0.13,0.966,2.18,-0.9971647793060936,24.2,0.0,-0.137,1.0,1,1
1.9808776378631592,0.9948376736367678,-1780.6192206549274,24.4,0.13,0.966,2.18,-0.9971647793060936,24.2,0.0,-0.137,1.0,1,1
1.98610520362854,0.9948376736367678,-1780.6192206549274,24.4,0.13,0.966,2.18,-0.9971647793060936,24.2,0.0,-0.137,1.0,1,1
